Project,Group,Key,Issuetype,Status,Created Date,Component,Category,First Date,Implementation Date,Closed Date,Funnel,Analysis,Program Backlog,Implementation,Blocker,Validating on Staging,Deploying to Production,Releasing,Done,Resolution 
ART_A,,ART_A-739,Feature,Analysis,30.11.2025 16:49:19,,,30.11.2025 16:49:24,,,0,186152,0,0,0,0,0,0,0, 
ART_A,,ART_A-738,Feature,Funnel,30.11.2025 16:41:25,,,,,,0,0,0,0,0,0,0,0, 
ART_A,,ART_A-737,Feature,Funnel,30.11.2025 16:29:13,,,30.11.2025 16:31:07,,,186148,22,0,0,0,0,0,0,0, 
ART_A,,ART_A-736,Feature,Analysis,30.11.2025 16:25:44,,,30.11.2025 16:25:52,,,0,186175,0,0,0,0,0,0,0, 
ART_A,,ART_A-735,Feature,Program Backlog,30.11.2025 16:12:54,,,30.11.2025 16:13:04,,,0,0,186188,0,0,0,0,0,0, 
ART_A,,ART_A-734,Feature,Analysis,30.11.2025 15:32:27,,,30.11.2025 15:32:34,,,0,186229,0,0,0,0,0,0,0, 
ART_A,,ART_A-731,Feature,Funnel,30.11.2025 14:50:50,,,,,,0,0,0,0,0,0,0,0, 
ART_A,,ART_A-724,Feature,Analysis,30.11.2025 09:38:06,,,30.11.2025 09:57:01,,,18,186564,0,0,0,0,0,0,0, 
ART_A,,ART_A-720,Feature,Funnel,17.05.2025 09:42:15,,,25.09.2025 14:41:34,,,470258,0,0,0,0,0,0,0,0, 
ART_A,,ART_A-719,Feature,Funnel,17.05.2025 08:19:17,,,25.09.2025 14:41:29,,,470341,0,0,0,0,0,0,0,0, 
ART_A,,ART_A-718,Feature,Funnel,18.10.2025 14:20:46,,,29.11.2025 17:46:14,,,248220,0,0,0,0,0,0,0,0, 
ART_A,,ART_A-717,Feature,Analysis,27.03.2025 10:47:31,,,29.11.2025 17:46:12,01.08.2025 17:34:47,,183287,236998,0,79026,0,44321,0,0,0, 
ART_A,,ART_A-716,Feature,Program Backlog,09.05.2025 17:42:08,,,17.11.2025 15:13:12,,,276330,0,187535,0,0,0,17432,0,0, 
ART_A,,ART_A-715,Feature,Funnel,10.05.2025 13:40:07,,,25.09.2025 14:41:32,,,480100,0,0,0,0,0,0,0,0, 
ART_A,,ART_A-711,Feature,Analysis,28.11.2025 16:03:40,,,28.11.2025 16:04:24,,,0,189077,0,0,0,0,0,0,0, 
ART_A,,ART_A-710,Feature,Funnel,28.11.2025 11:16:41,,,,,,0,0,0,0,0,0,0,0, 
ART_A,,ART_A-709,Feature,Canceled,28.11.2025 11:16:38,,,28.11.2025 11:28:53,,28.11.2025 11:28:53,12,0,0,0,0,0,0,0,189352, 
ART_A,,ART_A-708,Feature,Analysis,28.11.2025 10:44:46,,,30.11.2025 14:28:36,,,3103,186293,0,0,0,0,0,0,0, 
ART_A,,ART_A-707,Feature,Analysis,28.11.2025 10:43:50,,,28.11.2025 10:44:30,,,0,189397,0,0,0,0,0,0,0, 
ART_A,,ART_A-706,Feature,Analysis,27.11.2025 14:53:36,,,27.11.2025 15:06:51,,,13,190574,0,0,0,0,0,0,0, 
ART_A,,ART_A-704,Feature,Funnel,27.11.2025 07:42:21,,,,,,0,0,0,0,0,0,0,0, 
ART_A,,ART_A-702,Feature,Analysis,24.11.2025 14:55:55,,,30.11.2025 11:40:52,,,8444,186460,0,0,0,0,0,0,0, 
ART_A,,ART_A-701,Feature,Analysis,24.11.2025 14:37:23,,,24.11.2025 14:42:59,,,5,194918,0,0,0,0,0,0,0, 
ART_A,,ART_A-700,Feature,Analysis,24.11.2025 12:19:45,,,24.11.2025 14:20:04,,,120,194941,0,0,0,0,0,0,0, 
ART_A,,ART_A-699,Feature,Analysis,24.11.2025 12:12:55,,,24.11.2025 14:34:41,,,141,194927,0,0,0,0,0,0,0, 
ART_A,,ART_A-698,Feature,Analysis,24.11.2025 12:02:03,,,24.11.2025 14:34:37,,,152,194927,0,0,0,0,0,0,0, 
ART_A,,ART_A-697,Feature,Analysis,24.11.2025 11:41:33,,,24.11.2025 14:34:33,,,173,194927,0,0,0,0,0,0,0, 
ART_A,,ART_A-696,Feature,Analysis,24.11.2025 11:29:11,,,24.11.2025 11:29:19,,,0,195112,0,0,0,0,0,0,0, 
ART_A,,ART_A-693,Feature,Funnel,23.11.2025 13:31:17,,,,,,0,0,0,0,0,0,0,0, 
ART_A,,ART_A-691,Feature,Funnel,23.11.2025 11:24:08,,,,,,0,0,0,0,0,0,0,0, 
ART_A,,ART_A-690,Feature,Analysis,23.11.2025 11:18:46,,,23.11.2025 11:40:28,,,21,196541,0,0,0,0,0,0,0, 
ART_A,,ART_A-687,Feature,Program Backlog,21.11.2025 10:44:33,,,21.11.2025 13:53:03,,,188,8392,190896,0,0,0,0,0,0, 
ART_A,,ART_A-685,Feature,Funnel,17.11.2025 16:31:38,,,,,,0,0,0,0,0,0,0,0, 
ART_A,,ART_A-682,Feature,Funnel,17.11.2025 15:54:45,,,,,,0,0,0,0,0,0,0,0, 
ART_A,,ART_A-681,Feature,Funnel,17.11.2025 14:30:56,,,,,,0,0,0,0,0,0,0,0, 
ART_A,,ART_A-680,Feature,Funnel,17.11.2025 14:29:30,,,,,,0,0,0,0,0,0,0,0, 
ART_A,,ART_A-675,Feature,Analysis,15.11.2025 14:52:11,,,15.11.2025 14:52:37,,,0,207869,0,0,0,0,0,0,0, 
ART_A,,ART_A-674,Feature,Funnel,15.11.2025 10:09:26,,,,,,0,0,0,0,0,0,0,0, 
ART_A,,ART_A-673,Feature,Funnel,15.11.2025 09:59:29,,,,,,0,0,0,0,0,0,0,0, 
ART_A,,ART_A-672,Feature,Funnel,14.11.2025 13:10:37,,,16.11.2025 10:30:15,,,199168,10241,0,0,0,0,0,0,0, 
ART_A,,ART_A-671,Feature,Funnel,13.11.2025 17:38:56,,,,,,0,0,0,0,0,0,0,0, 
ART_A,,ART_A-670,Feature,Analysis,13.11.2025 17:26:59,,,30.11.2025 14:28:39,,,24301,186293,0,0,0,0,0,0,0, 
ART_A,,ART_A-669,Feature,Funnel,13.11.2025 17:11:03,,,,,,0,0,0,0,0,0,0,0, 
ART_A,,ART_A-668,Feature,Analysis,13.11.2025 16:52:29,,,30.11.2025 14:28:24,,,24335,186293,0,0,0,0,0,0,0, 
ART_A,,ART_A-667,Feature,Analysis,13.11.2025 16:48:14,,,30.11.2025 14:28:21,,,24340,186293,0,0,0,0,0,0,0, 
ART_A,,ART_A-665,Feature,Analysis,09.11.2025 10:35:17,,,17.11.2025 07:54:56,,,11359,205406,0,0,0,0,0,0,0, 
ART_A,,ART_A-662,Feature,Funnel,08.11.2025 11:07:47,,,,,,0,0,0,0,0,0,0,0, 
ART_A,,ART_A-661,Feature,Analysis,08.11.2025 08:24:52,,,08.11.2025 08:53:03,,,28,218308,0,0,0,0,0,0,0, 
ART_A,,ART_A-660,Feature,Funnel,08.11.2025 08:17:30,,,,,,0,0,0,0,0,0,0,0, 
ART_A,,ART_A-659,Feature,Analysis,08.11.2025 06:58:51,,,08.11.2025 07:42:02,,,43,218379,0,0,0,0,0,0,0, 
ART_A,,ART_A-657,Feature,Done,07.11.2025 17:07:23,,Done,07.11.2025 17:08:01,16.11.2025 10:06:39,30.11.2025 13:59:54,0,12538,0,20393,0,0,0,0,186321,Done 
ART_A,,ART_A-653,Feature,Funnel,03.11.2025 16:57:50,,,,,,0,0,0,0,0,0,0,0, 
ART_A,,ART_A-652,Feature,Funnel,03.11.2025 16:54:33,,,,,,0,0,0,0,0,0,0,0, 
ART_A,,ART_A-651,Feature,Funnel,03.11.2025 16:51:57,,,15.11.2025 14:54:25,,,225024,4,0,0,0,0,0,0,0, 
ART_A,,ART_A-650,Feature,Funnel,03.11.2025 16:48:22,,,20.11.2025 16:40:26,,,225033,0,0,0,0,0,0,0,0, 
ART_A,,ART_A-649,Feature,Canceled,03.11.2025 16:42:00,Systembetrieb / Performance / Stabilität KKP Hub|,,28.11.2025 09:42:05,,28.11.2025 10:13:19,35580,31,0,0,0,0,0,0,189428, 
ART_A,,ART_A-648,Feature,Analysis,03.11.2025 07:55:56,,,15.11.2025 06:57:27,,,17221,208344,0,0,0,0,0,0,0, 
ART_A,,ART_A-647,Feature,Analysis,02.11.2025 10:24:39,,,08.11.2025 07:42:28,,,8477,218379,0,0,0,0,0,0,0, 
ART_A,,ART_A-646,Feature,Analysis,02.11.2025 08:04:16,,,08.11.2025 08:53:14,,,8688,218308,0,0,0,0,0,0,0, 
ART_A,,ART_A-645,Feature,Funnel,02.11.2025 07:55:10,,,16.11.2025 15:43:03,02.11.2025 07:57:34,,198234,8145,0,20625,0,0,0,0,0, 
ART_A,,ART_A-643,Feature,Analysis,30.10.2025 10:25:39,,,15.11.2025 15:25:50,,,23340,207835,0,0,0,0,0,0,0, 
ART_A,,ART_A-642,Feature,Analysis,26.10.2025 08:39:48,,,08.11.2025 07:42:17,,,18662,218379,0,0,0,0,0,0,0, 
ART_A,,ART_A-640,Feature,Funnel,24.10.2025 13:38:59,,,17.11.2025 08:05:18,,,207549,32072,0,0,0,0,0,0,0, 
ART_A,,ART_A-639,Feature,Funnel,24.10.2025 10:31:20,,,,,,0,0,0,0,0,0,0,0, 
ART_A,,ART_A-638,Feature,Funnel,24.10.2025 10:29:00,,,,,,0,0,0,0,0,0,0,0, 
ART_A,,ART_A-637,Feature,Funnel,23.10.2025 08:22:12,,,,,,0,0,0,0,0,0,0,0, 
ART_A,,ART_A-636,Feature,Funnel,23.10.2025 08:21:58,,,,,,0,0,0,0,0,0,0,0, 
ART_A,,ART_A-635,Feature,Funnel,23.10.2025 08:21:40,,,,,,0,0,0,0,0,0,0,0, 
ART_A,,ART_A-634,Feature,Funnel,23.10.2025 08:21:30,,,,,,0,0,0,0,0,0,0,0, 
ART_A,,ART_A-633,Feature,Funnel,23.10.2025 08:20:54,,,,,,0,0,0,0,0,0,0,0, 
ART_A,,ART_A-632,Feature,Funnel,23.10.2025 08:20:33,,,,,,0,0,0,0,0,0,0,0, 
ART_A,,ART_A-631,Feature,Funnel,23.10.2025 08:20:12,,,,,,0,0,0,0,0,0,0,0, 
ART_A,,ART_A-630,Feature,Funnel,23.10.2025 08:19:29,,,,,,0,0,0,0,0,0,0,0, 
ART_A,,ART_A-629,Feature,Funnel,23.10.2025 08:19:06,,,,,,0,0,0,0,0,0,0,0, 
ART_A,,ART_A-628,Feature,Funnel,23.10.2025 08:18:20,,,,,,0,0,0,0,0,0,0,0, 
ART_A,,ART_A-627,Feature,Funnel,23.10.2025 08:17:59,,,,,,0,0,0,0,0,0,0,0, 
ART_A,,ART_A-626,Feature,Canceled,23.10.2025 08:17:07,,,30.11.2025 09:41:45,,30.11.2025 09:41:45,54804,0,0,0,0,0,0,0,186580, 
ART_A,,ART_A-625,Feature,Funnel,23.10.2025 08:16:03,,,,,,0,0,0,0,0,0,0,0, 
ART_A,,ART_A-624,Feature,Program Backlog,23.10.2025 08:15:22,,,30.11.2025 13:03:58,,,55008,0,186377,0,0,0,0,0,0, 
ART_A,,ART_A-623,Feature,Funnel,23.10.2025 08:14:48,,,,,,0,0,0,0,0,0,0,0, 
ART_A,,ART_A-622,Feature,Funnel,19.10.2025 12:58:45,,,,,,0,0,0,0,0,0,0,0, 
ART_A,,ART_A-616,Feature,Analysis,13.10.2025 15:56:10,,,31.10.2025 10:29:54,,,25593,229731,0,0,0,0,0,0,0, 
ART_A,,ART_A-615,Feature,Done,13.10.2025 15:19:56,,Done,13.10.2025 15:23:25,07.11.2025 08:23:07,21.11.2025 16:56:55,3,35579,0,20673,0,0,0,0,199104,Done 
ART_A,,ART_A-613,Feature,Canceled,10.10.2025 10:40:37,,,10.10.2025 11:43:04,,10.10.2025 11:43:04,62,0,0,0,0,0,0,0,259898, 
ART_A,,ART_A-612,Feature,Funnel,04.10.2025 12:27:12,,,,,,0,0,0,0,0,0,0,0, 
ART_A,,ART_A-611,Feature,Funnel,29.09.2025 08:57:07,,,,,,0,0,0,0,0,0,0,0, 
ART_A,,ART_A-610,Feature,Analysis,25.09.2025 08:34:03,,,19.10.2025 10:04:59,,,34650,247036,0,0,0,0,0,0,0, 
ART_A,,ART_A-604,Feature,Implementation,14.09.2025 13:17:22,,,15.11.2025 15:25:37,15.11.2025 15:25:37,,89408,0,0,207836,0,0,0,0,0, 
ART_A,,ART_A-602,Feature,Analysis,14.09.2025 08:04:18,,,15.11.2025 15:25:20,,,89721,207836,0,0,0,0,0,0,0, 
ART_A,,ART_A-601,Feature,Implementation,14.09.2025 08:03:38,,,15.11.2025 15:24:44,15.11.2025 15:24:44,,89721,0,0,207837,0,0,0,0,0, 
ART_A,,ART_A-597,Feature,Funnel,13.09.2025 15:54:12,,,,,,0,0,0,0,0,0,0,0, 
ART_A,,ART_A-595,Feature,Funnel,13.09.2025 15:12:04,,,,,,0,0,0,0,0,0,0,0, 
ART_A,,ART_A-589,Feature,Done,13.09.2025 12:25:03,,Done,13.09.2025 12:25:50,06.10.2025 11:06:11,14.11.2025 09:30:14,0,58,32981,56064,0,0,0,0,209631,Done 
ART_A,,ART_A-587,Feature,Implementation,13.09.2025 11:54:45,,,13.09.2025 15:12:27,13.10.2025 11:43:38,,197,0,42991,255578,0,0,0,0,0, 
ART_A,,ART_A-586,Feature,Done,06.09.2025 17:56:16,,Done,12.09.2025 16:55:29,17.10.2025 12:51:00,13.11.2025 12:08:07,8581,0,50152,38837,0,0,0,0,210913,Done 
ART_A,,ART_A-584,Feature,Done,08.09.2025 10:54:16,,Done,12.09.2025 09:08:56,17.10.2025 12:50:48,27.11.2025 13:36:56,5654,0,50621,59086,0,0,0,0,190664,Done 
ART_A,,ART_A-583,Feature,Done,08.09.2025 08:33:27,,Done,08.09.2025 08:38:22,13.10.2025 11:40:33,02.11.2025 09:38:29,4,0,50582,28677,0,0,0,5983,220919,Done 
ART_A,,ART_A-582,Feature,Analysis,07.09.2025 17:48:09,Systembetrieb / Performance / Stabilität KKP Hub|,,07.09.2025 17:48:20,,,0,307053,0,0,0,0,0,0,0, 
ART_A,,ART_A-581,Feature,Funnel,07.09.2025 17:21:53,,,31.10.2025 10:26:40,,,216377,90701,0,0,0,0,0,0,0, 
ART_A,,ART_A-580,Feature,Funnel,07.09.2025 17:17:06,,,31.10.2025 10:26:30,,,216376,90706,0,0,0,0,0,0,0, 
ART_A,,ART_A-579,Feature,Analysis,07.09.2025 15:01:33,,,31.10.2025 10:32:22,,,25593,281626,0,0,0,0,0,0,0, 
ART_A,,ART_A-578,Feature,Funnel,07.09.2025 10:58:45,,,07.09.2025 11:00:16,,,300022,7440,0,0,0,0,0,0,0, 
ART_A,,ART_A-577,Feature,Implementation,07.09.2025 09:22:03,Systembetrieb / Performance / Stabilität KKP Hub|,,07.09.2025 17:19:15,31.10.2025 10:43:59,,477,51777,25586,229717,0,0,0,0,0, 
ART_A,,ART_A-576,Feature,Analysis,07.09.2025 08:48:13,,,16.11.2025 10:30:18,,,100902,206691,0,0,0,0,0,0,0, 
ART_A,,ART_A-575,Feature,Analysis,06.09.2025 17:57:12,,,30.11.2025 14:28:17,,,122191,186293,0,0,0,0,0,0,0, 
ART_A,,ART_A-573,Feature,Done,06.09.2025 17:53:17,,Done,12.09.2025 09:09:01,17.10.2025 12:48:09,20.11.2025 11:57:11,8115,0,50619,48909,0,0,0,0,200844,Done 
ART_A,,ART_A-572,Feature,Done,06.09.2025 17:50:02,,Done,12.09.2025 09:07:56,17.10.2025 12:48:04,13.11.2025 12:08:31,8117,0,50620,38840,0,0,0,0,210913,Done 
ART_A,,ART_A-571,Feature,Done,06.09.2025 17:44:23,,Done,12.09.2025 09:08:04,13.11.2025 12:06:16,30.11.2025 14:33:40,8123,0,89458,24627,0,0,0,0,186288,Done 
ART_A,,ART_A-570,Feature,Funnel,06.09.2025 11:39:33,,,,,,0,0,0,0,0,0,0,0, 
ART_A,,ART_A-565,Feature,Funnel,01.09.2025 14:49:54,,,01.09.2025 14:51:03,,,310382,5489,0,0,0,0,0,0,0, 
ART_A,,ART_A-564,Feature,Done,01.09.2025 14:48:21,,Done,01.09.2025 14:51:07,13.10.2025 16:08:03,30.11.2025 17:21:43,2,60556,0,69193,0,0,0,0,186120,Done 
ART_A,,ART_A-562,Feature,Funnel,01.09.2025 14:36:09,,,01.09.2025 14:42:56,,,255318,60566,0,0,0,0,0,0,0, 
ART_A,,ART_A-556,Feature,Funnel,29.08.2025 18:49:03,,,29.08.2025 18:56:18,,,186692,133259,0,0,0,0,0,0,0, 
ART_A,,ART_A-555,Feature,Done,29.08.2025 17:48:42,,Done,29.08.2025 18:56:04,17.10.2025 15:13:38,07.11.2025 08:12:06,67,4077,66260,29818,0,0,0,13,219776,Done 
ART_A,,ART_A-554,Feature,Done,29.08.2025 10:55:54,,Done,29.08.2025 17:43:41,07.11.2025 08:14:54,13.11.2025 10:00:53,407,1032,99199,8745,0,0,0,1641,209399,Done 
ART_A,,ART_A-552,Feature,Funnel,29.08.2025 09:00:12,,,,,,0,0,0,0,0,0,0,0, 
ART_A,,ART_A-551,Feature,Funnel,29.08.2025 08:58:38,,,17.11.2025 16:15:20,,,267474,53067,0,0,0,0,0,0,0, 
ART_A,,ART_A-549,Feature,Done,28.08.2025 13:17:08,,,19.10.2025 09:24:18,19.10.2025 09:24:26,26.10.2025 16:29:01,74647,0,0,10504,0,0,0,0,236572, 
ART_A,,ART_A-547,Feature,Funnel,25.08.2025 11:03:36,,,28.08.2025 16:31:24,,,195549,130627,0,0,0,0,0,0,0, 
ART_A,,ART_A-546,Feature,Done,25.08.2025 11:01:13,,Done,28.08.2025 08:38:28,10.10.2025 13:39:07,21.11.2025 13:27:11,4177,5811,56408,60468,0,0,0,0,199314,Done 
ART_A,,ART_A-543,Feature,Analysis,24.08.2025 12:51:02,,,24.08.2025 14:12:13,,,81,327429,0,0,0,0,0,0,0, 
ART_A,,ART_A-542,Feature,Implementation,21.08.2025 14:29:53,,,08.09.2025 08:38:24,13.10.2025 11:41:04,,25568,141,50441,255580,0,0,0,0,0, 
ART_A,,ART_A-541,Feature,Funnel,18.08.2025 13:47:24,,,,,,0,0,0,0,0,0,0,0, 
ART_A,,ART_A-536,Feature,Funnel,18.08.2025 10:26:05,,,,,,0,0,0,0,0,0,0,0, 
ART_A,,ART_A-534,Feature,Analysis,17.08.2025 16:56:29,,,24.08.2025 14:10:02,,,9913,327431,0,0,0,0,0,0,0, 
ART_A,,ART_A-533,Feature,Implementation,17.08.2025 16:55:37,,,24.08.2025 14:09:56,15.11.2025 10:11:25,,9914,119281,0,208150,0,0,0,0,0, 
ART_A,,ART_A-526,Feature,Funnel,17.08.2025 10:11:30,,,,,,0,0,0,0,0,0,0,0, 
ART_A,,ART_A-525,Feature,Funnel,17.08.2025 09:55:25,,,,,,0,0,0,0,0,0,0,0, 
ART_A,,ART_A-524,Feature,Funnel,17.08.2025 08:42:14,,,,,,0,0,0,0,0,0,0,0, 
ART_A,,ART_A-522,Feature,Done,16.08.2025 13:39:06,,Done,16.08.2025 13:39:19,21.11.2025 13:26:46,30.11.2025 13:59:42,0,23116,116550,12992,0,0,0,0,186321,Done 
ART_A,,ART_A-521,Feature,Done,16.08.2025 13:29:23,,Done,11.09.2025 18:15:06,10.10.2025 13:40:06,23.11.2025 17:29:06,0,23125,56083,63589,0,0,0,0,196192,Done 
ART_A,,ART_A-520,Feature,Funnel,15.08.2025 14:04:51,,,,,,0,0,0,0,0,0,0,0, 
ART_A,,ART_A-517,Feature,Funnel,27.07.2025 13:51:12,,,,,,0,0,0,0,0,0,0,0, 
ART_A,,ART_A-515,Feature,Done,26.07.2025 14:50:08,,Done,26.07.2025 14:51:37,13.10.2025 11:40:22,14.11.2025 08:20:32,1,16931,96637,45880,0,0,0,0,209701,Done 
ART_A,,ART_A-514,Feature,Done,26.07.2025 12:04:25,,,26.07.2025 12:10:05,01.08.2025 11:20:38,24.08.2025 13:32:57,5,0,8591,10,0,0,0,0,360707, 
ART_A,,ART_A-513,Feature,Funnel,24.07.2025 13:32:20,,,,,,0,0,0,0,0,0,0,0, 
ART_A,,ART_A-510,Feature,Funnel,19.07.2025 14:24:41,,,,,,0,0,0,0,0,0,0,0, 
ART_A,,ART_A-509,Feature,Funnel,19.07.2025 14:15:10,,,,,,0,0,0,0,0,0,0,0, 
ART_A,,ART_A-508,Feature,Canceled,18.07.2025 11:10:40,,,13.10.2025 11:57:13,,13.10.2025 11:57:13,125326,0,0,0,0,0,0,0,255564, 
ART_A,,ART_A-507,Feature,Done,17.07.2025 13:37:05,,Done,17.08.2025 13:47:03,06.10.2025 11:06:04,19.10.2025 09:22:54,44649,37463,34375,18616,0,0,0,7207,239870,Done 
ART_A,,ART_A-502,Feature,Funnel,04.07.2025 07:38:04,,,,,,0,0,0,0,0,0,0,0, 
ART_A,,ART_A-501,Feature,Funnel,03.07.2025 14:02:51,,,08.11.2025 07:44:45,,,402317,0,0,0,0,0,0,0,0, 
ART_A,,ART_A-500,Feature,Funnel,29.06.2025 14:26:49,,,,,,0,0,0,0,0,0,0,0, 
ART_A,,ART_A-499,Feature,Releasing,27.06.2025 09:04:13,,,28.06.2025 13:37:52,13.10.2025 11:39:56,02.11.2025 09:38:41,1713,28576,125385,28678,0,0,0,226903,0, 
ART_A,,ART_A-480,Feature,Implementation,22.06.2025 13:28:09,,,15.11.2025 15:24:04,15.11.2025 15:24:04,,210355,0,0,207837,0,0,0,0,0, 
ART_A,,ART_A-478,Feature,Done,21.06.2025 14:08:54,,Done,31.08.2025 10:44:34,31.08.2025 10:44:34,12.09.2025 09:11:48,102035,0,0,17187,0,0,0,0,300369,Done 
ART_A,,ART_A-477,Feature,Done,21.06.2025 14:07:34,,Done,28.06.2025 12:55:08,28.06.2025 12:55:14,14.09.2025 10:57:23,10007,0,0,112202,0,0,0,0,297384,Done 
ART_A,,ART_A-473,Feature,Implementation,20.06.2025 17:04:30,,,13.09.2025 12:57:54,24.11.2025 13:07:18,,122153,103689,0,195014,0,0,0,0,0, 
ART_A,,ART_A-471,Feature,Implementation,20.06.2025 15:32:08,,,01.09.2025 13:57:30,08.11.2025 10:51:38,,105025,97734,0,218190,0,0,0,0,0, 
ART_A,,ART_A-469,Feature,Done,20.06.2025 09:54:15,,Done,20.06.2025 09:55:32,18.08.2025 09:55:32,12.09.2025 13:59:04,1,0,84960,36243,0,0,0,3,300078,Done 
ART_A,,ART_A-467,Feature,Done,19.06.2025 16:24:50,,Done,19.06.2025 16:37:20,16.08.2025 13:13:40,04.09.2025 13:25:06,12,83316,0,27371,0,0,0,0,311636,Done 
ART_A,,ART_A-466,Feature,Done,19.06.2025 16:22:26,,Done,19.06.2025 16:22:33,16.08.2025 13:11:07,12.09.2025 15:40:01,0,83321,6,39028,0,0,0,1142,298839,Done 
ART_A,,ART_A-465,Feature,Done,19.06.2025 15:54:22,,Done,28.06.2025 12:55:06,28.06.2025 12:55:41,12.09.2025 09:14:53,12780,0,1160,108058,0,0,0,0,300366,Done 
ART_A,,ART_A-464,Feature,Done,19.06.2025 15:05:37,,Done,28.06.2025 12:55:02,12.09.2025 09:21:16,14.09.2025 10:56:32,12829,0,109226,2975,0,0,0,0,297385,Done 
ART_A,,ART_A-462,Feature,Funnel,19.06.2025 11:02:05,,,,,,0,0,0,0,0,0,0,0, 
ART_A,,ART_A-460,Feature,Done,19.06.2025 10:13:16,,Done,28.06.2025 12:55:04,28.06.2025 12:55:37,13.11.2025 12:09:18,13121,0,0,198673,0,0,0,0,210912,Done 
ART_A,,ART_A-459,Feature,Done,19.06.2025 10:11:01,,Done,28.06.2025 12:55:00,28.08.2025 13:18:01,11.09.2025 13:52:10,13123,0,87863,20194,0,0,0,0,301529,Done 
ART_A,,ART_A-458,Feature,Done,19.06.2025 10:10:25,,Done,28.06.2025 12:54:54,28.08.2025 13:18:18,11.09.2025 13:57:48,13124,0,87863,20199,0,0,0,0,301523,Done 
ART_A,,ART_A-457,Feature,Done,19.06.2025 10:07:50,,Done,28.06.2025 12:54:51,28.06.2025 12:55:24,31.08.2025 10:46:14,13127,0,0,92030,0,0,0,17191,300363,Done 
ART_A,,ART_A-456,Feature,Funnel,16.06.2025 11:41:25,,,16.11.2025 15:43:06,13.10.2025 11:40:43,,255997,36750,84987,49202,0,0,0,0,0, 
ART_A,,ART_A-454,Feature,Analysis,15.06.2025 15:34:18,,,31.10.2025 10:27:03,,,25569,400906,1670,0,0,0,0,0,0, 
ART_A,,ART_A-453,Feature,Done,13.06.2025 14:20:10,,Done,15.06.2025 14:03:35,11.09.2025 09:54:57,11.09.2025 09:56:30,0,1538,127796,1,0,0,0,0,301765,Done 
ART_A,,ART_A-452,Feature,Funnel,15.06.2025 13:26:31,,,15.06.2025 13:27:48,,,219250,209024,0,0,0,0,0,0,0, 
ART_A,,ART_A-451,Feature,Funnel,15.06.2025 13:23:35,,,,,,0,0,0,0,0,0,0,0, 
ART_A,,ART_A-450,Feature,Done,15.06.2025 12:05:04,,Done,03.07.2025 14:09:08,03.07.2025 14:09:08,08.09.2025 11:38:34,26044,0,0,70561,0,0,0,0,331750,Done 
ART_A,,ART_A-449,Feature,Done,15.06.2025 11:59:57,,Done,15.06.2025 12:00:08,21.07.2025 13:43:08,12.09.2025 13:58:34,0,141,51801,76335,0,0,0,4,300078,Done 
ART_A,,ART_A-448,Feature,Done,15.06.2025 11:07:55,,Done,15.06.2025 11:08:48,03.08.2025 11:36:09,13.09.2025 10:43:44,0,1651,68936,58987,0,0,0,0,298837,Done 
ART_A,,ART_A-447,Feature,Done,15.06.2025 10:14:28,,Done,19.06.2025 08:14:16,01.09.2025 09:30:01,13.09.2025 10:43:16,5639,3294,103341,17353,0,0,0,0,298838,Done 
ART_A,,ART_A-446,Feature,Implementation,14.06.2025 17:00:50,,,14.06.2025 17:02:06,27.06.2025 09:01:22,,1,7021,11217,411260,0,0,0,0,0, 
ART_A,,ART_A-445,Feature,Done,14.06.2025 16:33:55,,Done,14.06.2025 16:34:02,10.07.2025 15:17:05,01.09.2025 09:27:47,0,2764,34598,75970,0,0,0,0,316193,Done 
ART_A,,ART_A-444,Feature,Done,14.06.2025 16:05:06,,Done,14.06.2025 16:09:49,27.06.2025 09:01:56,01.09.2025 13:35:15,4,0,18292,95313,0,0,0,3,315943,Done 
ART_A,,ART_A-443,Feature,Done,14.06.2025 15:29:32,,Done,14.06.2025 15:29:49,21.07.2025 13:41:34,12.09.2025 13:59:44,0,1371,51800,76338,0,0,0,1,300080,Done 
ART_A,,ART_A-441,Feature,Analysis,14.06.2025 14:45:36,,,19.10.2025 10:06:15,,,182600,247035,0,0,0,0,0,0,0, 
ART_A,,ART_A-439,Feature,Done,14.06.2025 14:04:01,,Done,14.06.2025 14:09:32,21.08.2025 13:18:53,24.11.2025 14:47:07,5,8622,89246,136888,0,0,0,0,194914,Done 
ART_A,,ART_A-438,Feature,Canceled,14.06.2025 13:35:42,,,29.11.2025 09:21:34,,29.11.2025 09:21:34,241665,0,0,0,0,0,0,0,188040, 
ART_A,,ART_A-437,Feature,Funnel,14.06.2025 13:33:04,,,14.06.2025 17:04:23,10.07.2025 10:52:24,,199448,22630,42098,165530,0,0,0,0,0, 
ART_A,,ART_A-436,Feature,Done,14.06.2025 11:46:19,Monitoring / Qualitätssicherung|,Done,03.07.2025 14:07:52,03.07.2025 14:07:52,08.09.2025 11:40:20,27501,0,0,92016,0,0,0,0,310296,Done 
ART_A,,ART_A-434,Feature,Done,13.06.2025 14:11:35,,Done,13.06.2025 14:12:58,10.07.2025 15:17:25,17.08.2025 10:21:21,1,4322,34621,54423,0,0,0,35893,301846,Done 
ART_A,,ART_A-431,Feature,Done,13.06.2025 10:22:31,,Done,13.06.2025 10:23:47,18.08.2025 09:55:25,12.09.2025 14:31:45,1,3117,91894,36272,0,0,0,2,300050,Done 
ART_A,,ART_A-430,Feature,Done,13.06.2025 10:05:37,,Done,17.08.2025 14:04:32,06.10.2025 11:06:13,14.11.2025 09:30:32,93838,37448,34373,56064,0,0,0,0,209631,Done 
ART_A,,ART_A-429,Feature,Program Backlog,13.06.2025 09:25:12,,,15.11.2025 15:23:17,,,223558,0,207838,0,0,0,0,0,0, 
ART_A,,ART_A-426,Feature,Done,12.06.2025 16:41:13,,Done,15.06.2025 13:00:46,05.07.2025 13:14:58,23.08.2025 18:07:57,4099,121,28692,70852,0,0,0,6892,321741,Done 
ART_A,,ART_A-425,Feature,Done,07.06.2025 15:14:22,,Done,07.06.2025 15:14:27,21.08.2025 13:17:56,01.09.2025 15:17:44,0,18637,89245,15959,0,0,0,15486,300357,Done 
ART_A,,ART_A-424,Feature,Funnel,07.06.2025 14:34:39,,,31.10.2025 10:26:33,,,340196,99529,0,0,0,0,0,0,0, 
ART_A,,ART_A-423,Feature,Done,07.06.2025 14:30:24,,Done,07.06.2025 14:30:28,08.11.2025 11:15:32,08.11.2025 16:22:21,11567,18682,191315,306,0,0,0,0,217859,Done 
ART_A,,ART_A-422,Feature,Funnel,07.06.2025 14:27:19,,,22.06.2025 15:37:02,,,229737,207010,2985,0,0,0,0,0,0, 
ART_A,,ART_A-420,Feature,Done,07.06.2025 07:55:16,,Done,31.08.2025 14:59:56,25.09.2025 14:11:25,30.11.2025 07:28:54,102591,37462,18721,94637,0,0,0,0,186712,Done 
ART_A,,ART_A-417,Feature,Done,06.06.2025 13:10:25,,Done,06.06.2025 15:07:42,14.11.2025 11:09:05,22.11.2025 08:20:21,117,19940,211661,11351,0,0,0,10564,187616,Done 
ART_A,,ART_A-416,Feature,Done,06.06.2025 13:10:11,,Done,06.06.2025 15:07:49,23.10.2025 13:14:26,22.11.2025 08:20:42,117,19937,180109,42906,0,0,0,10563,187617,Done 
ART_A,,ART_A-412,Feature,Program Backlog,17.05.2025 15:38:08,,,15.11.2025 15:22:47,,,262064,0,207839,0,0,0,0,0,0, 
ART_A,,ART_A-411,Feature,Done,17.05.2025 12:59:30,,Done,13.06.2025 10:07:12,27.06.2025 10:24:57,16.08.2025 10:28:41,38707,3130,17047,72003,0,0,0,39093,300079,Done 
ART_A,,ART_A-410,Feature,Program Backlog,16.05.2025 16:51:31,,,15.11.2025 15:22:25,,,263430,0,207839,0,0,0,0,0,0, 
ART_A,,ART_A-409,Feature,Releasing,16.05.2025 16:38:13,,,17.08.2025 14:05:09,14.11.2025 12:31:51,30.11.2025 07:29:10,133766,37444,90622,22737,0,0,0,186712,0, 
ART_A,,ART_A-408,Feature,Done,15.05.2025 14:20:39,,Done,16.05.2025 15:48:33,27.06.2025 09:01:52,18.10.2025 13:37:03,1527,40362,19710,162995,0,0,0,0,248264,Done 
ART_A,,ART_A-407,Feature,Funnel,09.05.2025 18:48:49,,,,,,0,0,0,0,0,0,0,0, 
ART_A,,ART_A-406,Feature,Program Backlog,08.05.2025 14:55:05,,,15.11.2025 15:22:19,,,275067,0,207839,0,0,0,0,0,0, 
ART_A,,ART_A-405,Feature,Program Backlog,08.05.2025 09:34:04,,,15.11.2025 15:22:12,,,275388,0,207839,0,0,0,0,0,0, 
ART_A,,ART_A-404,Feature,Done,05.05.2025 14:18:29,,Done,05.05.2025 14:19:22,01.08.2025 10:40:53,13.11.2025 13:23:34,0,76002,50498,149922,0,0,0,0,210838,Done 
ART_A,,ART_A-403,Feature,Implementation,03.05.2025 14:41:10,,,15.11.2025 15:22:02,15.11.2025 15:22:02,,282280,0,0,207839,0,0,0,0,0, 
ART_A,,ART_A-401,Feature,Implementation,02.05.2025 14:36:40,,,15.11.2025 15:21:32,15.11.2025 15:21:32,,283724,0,0,207840,0,0,0,0,0, 
ART_A,,ART_A-400,Feature,Program Backlog,02.05.2025 14:13:51,,,15.11.2025 15:21:23,,,283747,0,207840,0,0,0,0,0,0, 
ART_A,,ART_A-398,Feature,Done,25.04.2025 10:31:40,,Done,25.04.2025 10:31:47,05.07.2025 13:14:03,23.08.2025 18:07:41,0,62069,40332,40573,0,0,0,30281,328631,Done 
ART_A,,ART_A-396,Feature,Done,31.03.2025 10:56:51,,Done,16.05.2025 15:50:27,,16.05.2025 15:50:35,66533,0,0,0,0,0,0,0,471330,Done 
ART_A,,ART_A-369,Feature,Funnel,27.03.2025 14:42:17,,,12.06.2025 14:23:47,,,448356,95042,0,0,0,0,0,0,0, 
ART_A,,ART_A-367,Feature,Implementation,22.03.2025 18:31:45,,,15.11.2025 15:20:42,15.11.2025 15:20:42,,342528,0,0,207841,0,0,0,0,0, 
ART_A,,ART_A-366,Feature,Done,22.03.2025 12:55:56,,Done,22.03.2025 13:58:09,03.05.2025 13:45:46,05.06.2025 10:14:43,62,60467,0,47308,0,0,0,1710,441156,Done 
ART_A,,ART_A-365,Feature,Done,21.03.2025 10:55:50,,Done,22.03.2025 13:18:22,05.04.2025 14:17:01,15.05.2025 11:08:49,1582,10114,10104,57411,0,0,0,33270,439782,Done 
ART_A,,ART_A-364,Feature,Done,20.03.2025 09:14:27,,Done,12.06.2025 14:23:42,,19.06.2025 10:24:13,121269,4317,5522,0,0,0,0,0,422697,Done 
ART_A,,ART_A-363,Feature,Done,20.03.2025 09:07:33,,Done,30.03.2025 15:08:17,22.05.2025 15:56:14,13.06.2025 09:49:22,14760,0,76367,31313,0,0,0,8694,422678,Done 
ART_A,,ART_A-362,Feature,Done,16.03.2025 08:23:03,,Done,22.03.2025 12:51:59,03.05.2025 13:45:08,19.06.2025 11:43:58,8908,60533,0,67558,0,0,0,0,422617,Done 
ART_A,,ART_A-361,Feature,Funnel,15.03.2025 15:55:02,,,,,,0,0,0,0,0,0,0,0, 
ART_A,,ART_A-360,Feature,Done,15.03.2025 14:16:15,,Done,15.03.2025 14:21:23,07.06.2025 13:01:08,16.06.2025 10:46:59,5,20131,100747,12825,0,0,0,2,426992,Done 
ART_A,,ART_A-355,Feature,Done,14.03.2025 08:03:50,,Done,14.03.2025 08:05:01,11.04.2025 15:27:30,03.05.2025 13:46:10,1,40762,0,31578,0,0,0,50030,440145,Done 
ART_A,,ART_A-354,Feature,Done,10.03.2025 15:36:05,,Done,10.03.2025 15:36:26,,19.06.2025 16:07:13,0,4245,25711,0,0,115514,0,11094,411260,Done 
ART_A,,ART_A-353,Feature,Done,10.03.2025 15:34:16,,Done,10.03.2025 15:35:07,28.04.2025 11:04:12,11.07.2025 13:18:01,0,5455,64833,106693,0,0,0,0,390843,Done 
ART_A,,ART_A-349,Feature,Done,10.03.2025 12:54:02,,Done,10.03.2025 12:55:59,05.06.2025 17:33:28,20.06.2025 14:10:10,1,24425,101131,21396,0,0,0,0,421031,Done 
ART_A,,ART_A-348,Feature,Done,10.03.2025 12:53:16,,Done,10.03.2025 12:55:53,31.03.2025 11:33:45,07.06.2025 14:00:09,2,24426,5731,98066,0,0,0,0,439761,Done 
ART_A,,ART_A-347,Feature,Funnel,10.03.2025 12:51:05,Stammdaten|,,10.03.2025 12:51:23,,,439766,128224,0,0,0,0,0,0,0, 
ART_A,,ART_A-346,Feature,Done,10.03.2025 12:49:32,Systembetrieb / Performance / Stabilität KKP Hub|,Done,10.03.2025 12:49:40,31.03.2025 11:34:52,31.10.2025 10:49:29,0,24432,5733,308114,0,0,0,0,229712,Done 
ART_A,,ART_A-345,Feature,Funnel,10.03.2025 12:45:23,Scope Erweiterung|,,30.03.2025 13:26:35,,,229737,333853,4404,0,0,0,0,0,0, 
ART_A,,ART_A-344,Feature,Done,10.03.2025 12:44:21,Deplyoment V1.0|,Done,10.03.2025 12:46:53,31.03.2025 11:33:35,21.06.2025 11:09:53,2,24429,5736,118056,0,0,0,0,419771,Done 
ART_A,,ART_A-343,Feature,Done,10.03.2025 12:43:50,Deplyoment V1.0|,Done,10.03.2025 12:46:03,04.07.2025 13:43:29,01.09.2025 15:17:49,2,24430,142666,85054,0,0,0,97601,218242,Done 
ART_A,,ART_A-341,Feature,Done,09.03.2025 15:02:44,,Done,09.03.2025 15:06:05,31.03.2025 10:18:18,25.04.2025 10:09:25,3,31392,0,35991,0,0,0,0,501912,Done 
ART_A,,ART_A-340,Feature,Done,09.03.2025 14:58:49,,Done,09.03.2025 15:05:59,31.03.2025 10:17:46,21.08.2025 13:50:07,7,31391,0,206132,0,0,0,0,331771,Done 
ART_A,,ART_A-339,Feature,Analysis,09.03.2025 14:53:53,KATE wird selbstständig|,,09.03.2025 14:58:06,,,4,569303,0,0,0,0,0,0,0, 
ART_A,,ART_A-338,Feature,Funnel,09.03.2025 14:52:10,KATE wird selbstständig|,,09.03.2025 14:58:01,,,418359,150949,0,0,0,0,0,0,0, 
ART_A,,ART_A-337,Feature,Done,09.03.2025 14:51:37,Monitoring / Qualitätssicherung|,Done,09.03.2025 14:58:03,03.07.2025 14:08:58,08.09.2025 11:39:30,6,166990,0,61658,0,0,0,0,340652,Done 
ART_A,,ART_A-334,Feature,Done,09.03.2025 14:49:32,Monitoring / Qualitätssicherung|,,09.03.2025 14:57:56,03.07.2025 14:08:54,23.11.2025 15:47:01,8,166990,0,206018,0,0,0,0,196294, 
ART_A,,ART_A-333,Feature,Done,09.03.2025 14:48:31,KATE kann Sperrinformation verarbeiten / Berücksichtigung Sperren-Termine|,Done,09.03.2025 14:57:52,31.03.2025 10:17:55,03.07.2025 14:09:36,9,31400,0,135591,0,0,0,23071,379240,Done 
ART_A,,ART_A-332,Feature,Analysis,09.03.2025 14:47:37,Umsetzung der Neuterminierung bei Verzug|,,09.03.2025 14:57:53,,,10,569303,0,0,0,0,0,0,0, 
ART_A,,ART_A-331,Feature,Done,09.03.2025 14:46:34,Umsetzung der Neuterminierung bei Verzug|,Done,09.03.2025 14:57:49,31.03.2025 10:18:01,16.06.2025 10:48:02,11,31400,0,110910,0,0,0,0,426993,Done 
ART_A,,ART_A-328,Feature,Done,09.03.2025 10:42:36,,Done,09.03.2025 11:45:24,,23.03.2025 13:42:01,62,20276,0,0,0,0,0,0,549219,Done 
ART_A,,ART_A-327,Feature,Implementation,09.03.2025 10:41:11,,,09.03.2025 11:45:22,15.11.2025 15:20:01,,64,361654,0,207841,0,0,0,0,0, 
ART_A,,ART_A-326,Feature,Implementation,09.03.2025 10:40:50,,,09.03.2025 11:45:20,15.11.2025 15:19:44,,64,361654,0,207842,0,0,0,0,0, 
ART_A,,ART_A-325,Feature,Implementation,09.03.2025 10:40:34,,,09.03.2025 11:45:19,15.11.2025 15:19:19,,64,361654,0,207842,0,0,0,0,0, 
ART_A,,ART_A-324,Feature,Implementation,09.03.2025 10:40:18,,,09.03.2025 11:45:17,15.11.2025 15:19:06,,64,361653,0,207842,0,0,0,0,0, 
ART_A,,ART_A-323,Feature,Canceled,09.03.2025 10:40:01,,,09.03.2025 11:45:15,,15.11.2025 15:18:49,65,361653,0,0,0,0,0,0,207842, 
ART_A,,ART_A-322,Feature,Implementation,09.03.2025 10:39:34,,,09.03.2025 11:45:14,15.11.2025 15:18:25,,65,361653,0,207843,0,0,0,0,0, 
ART_A,,ART_A-321,Feature,Done,09.03.2025 10:39:15,,Done,09.03.2025 11:45:11,,15.11.2025 15:17:57,65,361652,0,0,0,0,0,0,207843,Done 
ART_A,,ART_A-320,Feature,Implementation,09.03.2025 10:38:57,,,09.03.2025 11:45:12,15.11.2025 15:15:03,,66,361649,0,207846,0,0,0,0,0, 
ART_A,,ART_A-319,Feature,Done,09.03.2025 10:38:35,,Done,09.03.2025 11:45:09,,15.11.2025 15:17:44,66,361652,0,0,0,0,0,0,207844,Done 
ART_A,,ART_A-318,Feature,Funnel,09.03.2025 09:55:42,,,09.03.2025 09:56:04,02.05.2025 14:05:58,,194999,27366,50643,296596,0,0,0,0,0, 
ART_A,,ART_A-317,Feature,Done,09.03.2025 09:53:11,,Done,09.03.2025 09:54:47,02.05.2025 14:05:26,02.05.2025 14:05:35,1,27367,50643,0,0,0,0,0,491596,Done 
ART_A,,ART_A-316,Feature,Funnel,08.03.2025 16:42:10,,,,,,0,0,0,0,0,0,0,0, 
ART_A,,ART_A-315,Feature,Analysis,08.03.2025 16:30:51,,,08.11.2025 07:44:19,,,352273,218377,0,0,0,0,0,0,0, 
ART_A,,ART_A-314,Feature,Done,08.03.2025 16:26:57,,Done,27.06.2025 09:02:56,10.07.2025 10:46:22,04.09.2025 10:18:13,91632,34693,51891,80611,0,0,0,12977,298845,Done 
ART_A,,ART_A-313,Feature,Done,08.03.2025 16:24:10,,Done,04.05.2025 14:29:55,27.06.2025 09:01:42,15.08.2025 11:13:46,81965,11564,65867,70692,0,0,0,0,340567,Done 
ART_A,,ART_A-312,Feature,Funnel,08.03.2025 14:12:31,Deplyoment V1.0|,,08.03.2025 14:12:35,,,209334,27222,334232,0,0,0,0,0,0, 
ART_A,,ART_A-311,Feature,Done,08.03.2025 14:10:18,Deplyoment V1.0|,Done,08.03.2025 14:10:27,07.06.2025 14:02:50,21.08.2025 13:13:57,0,27224,103807,107951,0,0,0,15957,315850,Done 
ART_A,,ART_A-310,Feature,Done,08.03.2025 14:05:08,,Done,17.05.2025 10:18:45,05.07.2025 13:14:23,23.08.2025 18:08:22,21,89244,82043,70853,0,0,0,0,328632,Done 
ART_A,,ART_A-309,Feature,Canceled,08.03.2025 10:39:38,,,08.03.2025 10:44:59,,13.11.2025 16:07:27,209126,33185,118014,0,0,0,0,0,210674, 
ART_A,,ART_A-308,Feature,Canceled,08.03.2025 10:38:27,,,13.11.2025 16:07:26,,13.11.2025 16:07:26,360328,0,0,0,0,0,0,0,210674, 
ART_A,,ART_A-307,Feature,Canceled,08.03.2025 10:36:41,,,13.11.2025 16:07:24,,13.11.2025 16:07:24,360330,0,0,0,0,0,0,0,210674, 
ART_A,,ART_A-306,Feature,Canceled,08.03.2025 10:35:59,,,13.11.2025 16:07:22,,13.11.2025 16:07:22,360331,0,0,0,0,0,0,0,210674, 
ART_A,,ART_A-305,Feature,Canceled,08.03.2025 10:35:30,,,13.11.2025 16:07:21,,13.11.2025 16:07:21,360331,0,0,0,0,0,0,0,210674, 
ART_A,,ART_A-304,Feature,Canceled,08.03.2025 10:34:54,,,13.11.2025 16:07:19,,13.11.2025 16:07:19,360332,0,0,0,0,0,0,0,210674, 
ART_A,,ART_A-303,Feature,Canceled,08.03.2025 10:33:56,,,08.03.2025 10:42:22,,13.11.2025 16:09:30,8,33188,327138,0,0,0,0,0,210672, 
ART_A,,ART_A-302,Feature,Canceled,08.03.2025 10:19:38,,,13.11.2025 16:07:17,,13.11.2025 16:07:17,360347,0,0,0,0,0,0,0,210674, 
ART_A,,ART_A-301,Feature,Canceled,08.03.2025 10:18:48,,,30.08.2025 10:32:47,,13.11.2025 16:07:15,360346,0,0,0,0,0,0,0,210674, 
ART_A,,ART_A-300,Feature,Canceled,08.03.2025 10:17:14,,,13.11.2025 16:07:13,,13.11.2025 16:07:13,360349,0,0,0,0,0,0,0,210674, 
ART_A,,ART_A-299,Feature,Canceled,08.03.2025 10:13:19,,,08.03.2025 10:42:09,,13.11.2025 16:09:29,28,33188,327138,0,0,0,0,0,210672, 
ART_A,,ART_A-298,Feature,Canceled,07.03.2025 16:15:58,,,04.09.2025 10:02:29,,04.09.2025 10:02:29,260266,0,0,0,0,0,0,0,311839, 
ART_A,,ART_A-297,Feature,Implementation,07.03.2025 15:24:14,,,09.03.2025 14:39:04,05.04.2025 14:17:04,,2834,28753,10104,530464,0,0,0,0,0, 
ART_A,,ART_A-295,Feature,Done,07.03.2025 12:34:09,,Done,09.03.2025 11:18:04,05.04.2025 14:16:57,05.04.2025 14:25:00,2803,28954,10104,8,0,0,0,90674,439782,Done 
ART_A,,ART_A-294,Feature,Funnel,07.03.2025 12:30:11,,,,,,0,0,0,0,0,0,0,0, 
ART_A,,ART_A-293,Feature,Funnel,07.03.2025 12:26:23,,,27.07.2025 16:29:33,,,441487,51747,79099,0,0,0,0,0,0, 
ART_A,,ART_A-291,Feature,Done,07.03.2025 12:20:59,,Done,08.03.2025 14:26:10,05.07.2025 13:14:15,23.08.2025 18:08:12,1565,130958,40329,70853,0,0,0,0,328632,Done 
ART_A,,ART_A-290,Feature,Done,07.03.2025 12:19:53,,Done,01.06.2025 14:39:56,03.08.2025 11:35:58,16.08.2025 13:06:28,123980,17237,73298,18810,0,0,0,10383,328631,Done 
ART_A,,ART_A-289,Feature,Done,07.03.2025 12:18:58,,Done,07.06.2025 14:31:10,17.07.2025 08:51:51,16.08.2025 13:05:59,123906,8620,57345,43454,0,0,0,10383,328632,Done 
ART_A,,ART_A-288,Feature,Done,07.03.2025 12:18:04,,Done,05.06.2025 16:12:30,17.07.2025 08:52:01,16.08.2025 13:06:11,129834,11378,48661,43454,0,0,0,10383,328632,Done 
ART_A,,ART_A-287,Feature,Done,07.03.2025 12:15:14,,Done,25.04.2025 10:24:20,16.08.2025 13:11:47,10.10.2025 13:38:30,70449,73688,89199,79226,0,0,0,39993,219790,Done 
ART_A,,ART_A-286,Feature,Funnel,07.03.2025 12:08:00,,,,,,0,0,0,0,0,0,0,0, 
ART_A,,ART_A-285,Feature,Done,07.03.2025 12:06:10,,Done,08.03.2025 14:26:30,26.05.2025 11:02:00,15.06.2025 08:56:00,1580,30206,83348,28674,0,0,0,249,428296,Done 
ART_A,,ART_A-284,Feature,Funnel,07.03.2025 11:50:34,,,,,,0,0,0,0,0,0,0,0, 
ART_A,,ART_A-283,Feature,Done,07.03.2025 11:49:26,,Done,18.08.2025 10:55:49,17.10.2025 15:14:00,07.11.2025 08:13:42,236106,20401,66257,29819,0,0,0,20,219768,Done 
ART_A,,ART_A-282,Feature,Done,07.03.2025 11:44:22,,Done,08.03.2025 14:26:38,26.05.2025 11:01:50,15.06.2025 08:55:39,1602,30206,83348,28673,0,0,0,249,428297,Done 
ART_A,,ART_A-281,Feature,Done,07.03.2025 11:43:40,,Done,24.04.2025 10:58:36,26.05.2025 11:02:58,16.08.2025 13:05:43,69074,46084,74721,43480,0,0,0,1275,337740,Done 
ART_A,,ART_A-280,Feature,Done,07.03.2025 11:40:03,,Done,08.03.2025 14:26:15,07.06.2025 13:02:52,15.06.2025 08:55:48,1606,30206,100749,11272,0,0,0,249,428296,Done 
ART_A,,ART_A-279,Feature,Done,07.03.2025 11:35:51,,Done,08.03.2025 14:26:46,02.05.2025 11:58:46,19.06.2025 09:19:51,1610,30206,48845,68961,0,0,0,0,422761,Done 
ART_A,,ART_A-277,Feature,Canceled,03.03.2025 11:29:11,,,03.03.2025 11:29:37,03.03.2025 11:29:37,13.11.2025 16:14:38,0,0,0,367485,0,0,0,0,210667, 
ART_A,,ART_A-275,Feature,Done,01.03.2025 16:04:31,,Done,09.03.2025 09:49:40,30.03.2025 09:37:40,11.09.2025 13:53:51,11145,27372,2855,237856,0,0,0,0,301527,Done 
ART_A,,ART_A-274,Feature,Done,01.03.2025 15:55:05,,Done,09.03.2025 09:49:37,30.03.2025 09:37:30,11.09.2025 13:54:19,11154,27372,2855,237856,0,0,0,0,301527,Done 
ART_A,,ART_A-273,Feature,Funnel,01.03.2025 14:20:01,,,,,,0,0,0,0,0,0,0,0, 
ART_A,,ART_A-272,Feature,Funnel,01.03.2025 12:51:43,Stammdaten|,,01.03.2025 12:52:22,,,439766,141182,0,0,0,0,0,0,0, 
ART_A,,ART_A-271,Feature,Done,01.03.2025 11:34:49,,Done,09.03.2025 09:51:58,02.05.2025 14:04:51,05.06.2025 13:37:02,11417,27370,50642,48932,0,0,0,0,442664,Done 
ART_A,,ART_A-270,Feature,Done,28.02.2025 13:47:25,,Done,09.03.2025 10:10:22,11.04.2025 15:27:25,22.05.2025 16:15:14,12742,47837,0,59087,0,0,0,5311,457354,Done 
ART_A,,ART_A-269,Feature,Funnel,27.02.2025 14:33:37,,,,,,0,0,0,0,0,0,0,0, 
ART_A,,ART_A-268,Feature,Done,23.02.2025 15:58:22,,Done,08.03.2025 10:59:02,28.04.2025 11:04:06,14.06.2025 16:05:20,18420,10232,63212,67981,0,0,0,1291,428265,Done 
ART_A,,ART_A-267,Feature,Releasing,15.02.2025 15:54:19,,,11.09.2025 08:19:50,14.11.2025 12:31:49,30.11.2025 07:30:35,299065,3080,89331,22738,0,0,0,186711,0, 
ART_A,,ART_A-265,Feature,Canceled,14.02.2025 15:07:14,,,31.08.2025 15:01:10,,31.08.2025 15:01:10,285113,0,0,0,0,0,0,0,317300, 
ART_A,,ART_A-264,Feature,Done,13.02.2025 16:25:45,,Done,09.03.2025 09:49:32,02.05.2025 14:04:54,22.06.2025 13:12:46,34163,27372,50642,73288,0,0,0,0,418307,Done 
ART_A,,ART_A-259,Feature,Done,13.02.2025 14:47:04,,Done,13.02.2025 14:54:25,13.02.2025 14:54:25,22.06.2025 13:39:24,7,0,0,185585,0,0,0,99,418182,Done 
ART_A,,ART_A-255,Feature,Validating on Staging,13.02.2025 12:52:27,,,13.02.2025 12:52:43,,,0,0,0,0,0,603989,0,0,0, 
ART_A,,ART_A-254,Feature,Done,13.02.2025 12:49:31,,Done,13.02.2025 12:49:54,,13.02.2025 12:49:54,0,0,0,0,0,0,0,417326,186665,Done 
ART_A,,ART_A-253,Feature,Done,13.02.2025 12:48:54,,Done,13.02.2025 12:49:46,,13.02.2025 12:49:46,0,0,0,0,0,0,0,417326,186665,Done 
ART_A,,ART_A-251,Feature,Done,10.02.2025 12:16:05,,Done,10.02.2025 12:28:39,10.02.2025 12:28:39,24.10.2025 09:44:06,12,0,0,368475,0,0,0,0,239857,Done 
ART_A,,ART_A-250,Feature,Done,27.01.2025 07:38:23,,Done,30.01.2025 13:36:03,03.04.2025 13:20:07,14.06.2025 13:24:43,4677,63364,27339,103684,0,0,0,1451,428265,Done 
ART_A,,ART_A-249,Feature,Funnel,26.01.2025 08:02:07,,,,,,0,0,0,0,0,0,0,0, 
ART_A,,ART_A-247,Feature,Done,21.12.2023 12:22:45,,Done,24.01.2024 16:02:26,24.01.2024 16:02:26,13.04.2024 16:06:19,49179,0,0,115203,0,0,0,168441,875994,Done 
ART_A,,ART_A-246,Feature,Done,01.07.2024 09:34:29,,Done,01.07.2024 09:36:55,22.07.2024 10:51:11,08.11.2024 11:21:19,2,24756,5557,156990,0,0,0,18852,724907,Done 
ART_A,,ART_A-245,Feature,Done,25.01.2024 12:12:38,,Done,25.01.2024 13:18:50,25.01.2024 13:18:50,12.07.2024 13:03:01,66,0,0,243344,0,0,0,39025,875993,Done 
ART_A,,ART_A-244,Feature,Done,21.02.2024 10:25:58,,Done,09.05.2024 09:39:18,12.05.2024 09:26:00,12.07.2024 13:03:18,112273,4306,0,88057,0,0,0,39025,875993,Done 
ART_A,,ART_A-243,Feature,Done,21.12.2023 12:00:22,,Done,24.01.2024 16:00:00,24.01.2024 16:00:00,09.05.2024 09:38:07,49199,0,0,152258,0,0,0,131379,876004,Done 
ART_A,,ART_A-242,Feature,Done,16.12.2023 11:25:03,,Done,10.03.2024 13:59:56,12.05.2024 10:01:36,07.09.2024 14:15:34,89523,20093,103418,170173,0,0,0,0,832866,Done 
ART_A,,ART_A-241,Feature,Done,18.01.2024 15:44:41,,Done,08.02.2024 14:48:38,20.04.2024 10:20:27,05.05.2024 14:42:23,8687,103352,1418,21861,20136,0,0,0,1012839,Done 
ART_A,,ART_A-240,Feature,Done,21.12.2023 12:13:00,,Done,24.01.2024 16:02:16,24.01.2024 16:02:16,13.04.2024 16:05:33,49189,0,0,115203,0,0,0,168442,875994,Done 
ART_A,,ART_A-239,Feature,Done,24.01.2024 16:59:24,,Done,01.02.2024 08:23:18,21.02.2024 14:07:48,13.07.2024 10:13:00,11003,1767,27376,205685,0,0,0,0,913748,Done 
ART_A,,ART_A-238,Feature,Done,15.12.2023 14:13:10,,Resolved,23.10.2024 15:49:18,,23.10.2024 15:49:18,450816,0,0,0,0,0,0,0,766532,Resolved 
ART_A,,ART_A-237,Feature,Done,21.12.2023 12:10:02,,Done,24.01.2024 16:00:06,24.01.2024 16:00:06,09.05.2024 09:39:14,49190,0,0,152259,0,0,0,131388,875994,Done 
ART_A,,ART_A-236,Feature,Done,22.03.2024 13:21:08,,Done,03.05.2024 14:48:17,12.05.2024 10:01:48,11.07.2024 15:21:33,60567,3,12670,86719,0,0,0,0,916320,Done 
ART_A,,ART_A-235,Feature,Done,09.06.2024 14:28:52,,Done,13.07.2024 09:57:12,22.07.2024 10:51:14,08.11.2024 09:42:15,48688,7455,5558,156891,0,0,0,8663,735195,Done 
ART_A,,ART_A-234,Feature,Done,31.01.2024 17:40:20,,Done,01.02.2024 08:32:48,13.04.2024 16:06:34,02.05.2024 14:53:33,892,104133,0,27286,0,0,0,251910,765237,Done 
ART_A,,ART_A-233,Feature,Done,15.02.2024 13:28:12,,Done,15.02.2024 13:30:13,21.02.2024 14:45:50,02.05.2024 10:43:53,2,8715,0,101998,0,0,0,0,1017397,Done 
ART_A,,ART_A-232,Feature,Done,25.01.2024 12:08:14,,Done,25.01.2024 13:22:27,25.01.2024 13:22:27,09.05.2024 09:39:54,74,0,0,150977,0,0,0,131390,875991,Done 
ART_A,,ART_A-231,Feature,Done,09.06.2024 14:27:25,,Done,13.07.2024 09:56:53,23.09.2024 10:29:11,24.10.2024 13:23:17,48689,103675,36,44814,0,0,0,14198,751039,Done 
ART_A,,ART_A-230,Feature,Done,22.07.2024 13:25:38,,Done,08.08.2024 16:43:46,,07.09.2024 14:26:30,24678,43062,0,0,0,0,0,0,832855,Done 
ART_A,,ART_A-229,Feature,Done,06.04.2024 11:04:57,,Done,03.05.2024 14:48:23,12.05.2024 10:01:17,11.07.2024 15:03:15,39103,0,12672,86701,0,0,0,0,916338,Done 
ART_A,,ART_A-228,Feature,Done,06.07.2024 14:08:17,,Done,06.07.2024 14:20:54,22.07.2024 10:51:08,30.08.2024 08:57:10,12,17275,5555,56046,0,0,0,34616,810088,Done 
ART_A,,ART_A-227,Feature,Done,21.02.2024 10:23:36,,Done,09.05.2024 09:41:47,12.05.2024 09:25:52,12.07.2024 13:03:07,112278,4304,0,88057,0,0,0,39028,875990,Done 
ART_A,,ART_A-226,Feature,Done,18.02.2024 10:51:33,,Done,03.05.2024 13:33:35,12.05.2024 10:41:34,14.07.2024 16:00:56,108162,0,12787,91039,0,0,0,0,911960,Done 
ART_A,,ART_A-225,Feature,Done,15.12.2023 14:16:42,,Done,23.10.2024 15:49:06,,23.10.2024 15:49:06,450812,0,0,0,0,0,0,0,766532,Done 
ART_A,,ART_A-224,Feature,Done,22.03.2024 14:54:20,,Done,05.05.2024 14:44:22,16.05.2024 09:31:49,25.07.2024 13:40:07,63350,8433,7093,101048,0,0,0,0,896261,Done 
ART_A,,ART_A-223,Feature,Done,09.06.2024 14:28:13,,Done,13.07.2024 09:57:06,29.08.2024 14:32:53,24.10.2024 13:23:04,48688,13014,54941,80570,0,0,0,40331,724907,Done 
ART_A,,ART_A-222,Feature,Done,12.04.2024 10:17:41,,Done,28.04.2024 14:40:46,28.04.2024 14:40:46,30.08.2024 08:57:02,23303,0,0,178216,0,0,0,11843,832860,Done 
ART_A,,ART_A-221,Feature,Done,25.05.2024 11:39:00,,Done,13.07.2024 09:54:43,27.07.2024 15:49:52,07.09.2024 14:16:55,70455,10273,10241,60387,0,0,0,0,832864,Done 
ART_A,,ART_A-220,Feature,Done,25.02.2024 11:28:46,,Duplicate,25.02.2024 11:30:05,,25.02.2024 11:30:05,1,0,0,0,0,0,0,0,1113831,Duplicate 
ART_A,,ART_A-219,Feature,Validating on Staging,07.11.2024 18:30:26,,,08.11.2024 08:56:15,,,865,0,141403,0,0,602501,0,0,0, 
ART_A,,ART_A-218,Feature,Done,31.01.2024 14:01:32,,,01.02.2024 08:27:19,23.02.2024 13:49:17,24.10.2024 16:07:44,1105,32001,0,351498,0,0,0,132146,632927, 
ART_A,,ART_A-217,Feature,Done,11.05.2024 14:32:57,,,13.07.2024 09:52:06,27.07.2024 15:50:23,08.11.2024 11:48:21,90439,10277,10240,149517,0,0,0,110806,632927, 
ART_A,,ART_A-216,Feature,Canceled,25.10.2024 15:38:57,,,08.03.2025 09:53:39,,13.11.2025 16:09:27,28425,33237,491325,0,0,0,0,0,210672, 
ART_A,,ART_A-214,Feature,Done,10.11.2024 12:42:41,,Done,10.11.2024 12:44:03,24.11.2024 11:24:43,06.02.2025 14:29:22,1,0,20080,106743,0,0,0,0,613972,Done 
ART_A,,ART_A-213,Feature,Implementation,22.11.2024 12:13:51,,,05.05.2025 14:16:13,27.06.2025 09:01:49,,236282,28781,47224,411259,0,0,0,0,0, 
ART_A,,ART_A-212,Feature,Done,15.03.2024 06:21:27,,,13.07.2024 09:41:21,27.07.2024 15:50:28,08.11.2024 11:48:14,172999,10287,10241,149517,0,0,0,110806,632927, 
ART_A,,ART_A-211,Feature,Canceled,20.12.2024 17:03:29,,,13.03.2025 13:49:00,,31.10.2025 08:06:18,433105,19956,0,0,0,0,0,0,229875, 
ART_A,,ART_A-210,Feature,Canceled,31.01.2024 14:00:22,,,01.02.2024 08:26:29,23.02.2024 13:49:06,13.11.2025 16:06:58,692465,32002,0,214538,0,0,0,0,210674, 
ART_A,,ART_A-209,Feature,Funnel,19.04.2024 14:53:29,,,,,,0,0,0,0,0,0,0,0, 
ART_A,,ART_A-208,Feature,Done,22.04.2024 08:23:26,,,09.05.2024 09:06:46,12.05.2024 10:40:56,26.10.2024 15:40:20,24523,4414,0,240779,0,0,0,129294,632927, 
ART_A,,ART_A-207,Feature,Canceled,06.07.2024 09:52:46,,,13.11.2025 16:07:06,,13.11.2025 16:07:06,713174,0,0,0,0,0,0,0,210674, 
ART_A,,ART_A-206,Feature,Done,16.12.2023 11:39:07,,,24.01.2024 15:59:35,24.01.2024 15:59:35,13.04.2024 16:09:28,56420,0,0,115209,0,0,0,411505,632927, 
ART_A,,ART_A-205,Feature,Done,16.12.2023 11:12:43,,,24.01.2024 15:59:09,24.01.2024 15:59:09,10.05.2024 10:09:13,56446,0,0,153730,0,0,0,372985,632927, 
ART_A,,ART_A-204,Feature,Canceled,22.04.2024 07:59:59,,,09.05.2024 09:06:32,21.07.2024 13:27:10,13.11.2025 16:10:59,24546,101109,4271,691363,0,0,0,0,210670, 
ART_A,,ART_A-203,Feature,Funnel,17.10.2024 13:48:07,,,08.11.2025 08:12:16,03.02.2025 10:22:45,,547258,102717,119495,5819,0,0,0,0,0, 
ART_A,,ART_A-202,Feature,Done,10.03.2024 14:18:12,,,20.07.2024 11:06:47,21.10.2024 14:54:44,06.12.2024 18:06:45,189888,91043,43104,66432,0,0,0,70107,632927, 
ART_A,,ART_A-201,Feature,Done,24.01.2024 16:07:49,,,24.01.2024 16:32:42,21.02.2024 14:30:36,09.05.2024 09:49:23,24,20069,20128,112038,0,0,0,374445,632927, 
ART_A,,ART_A-200,Feature,Done,18.01.2024 11:16:01,,,10.03.2024 13:53:19,21.02.2024 14:31:14,13.04.2024 16:07:55,8955,20070,51349,43755,0,0,0,411506,632927, 
ART_A,,ART_A-199,Feature,Done,20.07.2024 11:42:56,,,20.07.2024 13:02:40,22.07.2024 11:22:38,24.11.2024 14:29:37,79,1427,1352,180186,0,0,0,87604,632927, 
ART_A,,ART_A-198,Feature,Done,18.10.2024 08:53:47,,Done,18.10.2024 08:55:21,03.02.2025 10:22:05,14.03.2025 08:50:17,1,21990,133615,56068,0,0,0,18833,543637,Done 
ART_A,,ART_A-197,Feature,Canceled,31.01.2024 14:09:18,,,26.10.2024 15:28:03,18.01.2025 13:21:23,13.11.2025 16:10:57,260175,127262,120832,430729,0,0,0,0,210670, 
ART_A,,ART_A-196,Feature,Canceled,14.07.2024 15:16:09,,,08.03.2025 09:46:29,,13.11.2025 16:07:09,701330,0,0,0,0,0,0,0,210674, 
ART_A,,ART_A-195,Feature,Funnel,11.07.2024 12:54:57,,,24.01.2025 10:34:35,,,570799,345666,0,0,0,0,0,0,0, 
ART_A,,ART_A-194,Feature,Done,17.10.2024 14:17:43,,Done,17.10.2024 14:21:47,03.02.2025 10:22:02,27.03.2025 10:43:14,4,23104,133615,74901,0,0,0,0,543637,Done 
ART_A,,ART_A-193,Feature,Done,07.02.2024 09:55:41,,,03.05.2024 13:34:55,25.07.2024 15:04:08,12.10.2024 15:50:40,124059,12744,106864,113806,0,0,0,149443,632927, 
ART_A,,ART_A-192,Feature,Funnel,20.04.2024 10:34:35,,,,,,0,0,0,0,0,0,0,0, 
ART_A,,ART_A-191,Feature,Done,11.07.2024 11:29:28,,,12.07.2024 14:47:23,24.11.2024 14:34:38,24.11.2024 14:34:42,1637,8665,185721,0,0,0,0,87599,632927, 
ART_A,,ART_A-190,Feature,Canceled,06.07.2024 10:17:42,,,08.03.2025 09:43:29,,13.11.2025 16:09:16,352765,33246,327139,0,0,0,0,0,210672, 
ART_A,,ART_A-189,Feature,Canceled,22.04.2024 08:16:05,,,25.10.2024 15:58:46,03.03.2025 10:23:19,13.11.2025 16:11:03,173037,95264,185423,367547,0,0,0,0,210670, 
ART_A,,ART_A-188,Feature,Analysis,17.10.2024 13:30:43,,,08.11.2025 07:45:45,,,305770,320245,149291,0,0,0,0,0,0, 
ART_A,,ART_A-187,Feature,Done,05.04.2024 14:26:06,,Done,13.09.2024 11:19:06,26.01.2025 13:05:22,13.03.2025 14:55:23,231653,11831,182674,66350,0,0,0,0,563546,Done 
ART_A,,ART_A-186,Feature,Done,23.11.2024 12:23:55,,Done,13.06.2025 10:18:09,,13.06.2025 13:19:11,265029,25905,0,0,0,0,0,0,431162,Done 
ART_A,,ART_A-185,Feature,Done,08.09.2024 19:24:57,,Done,30.09.2024 11:37:50,06.12.2024 18:05:53,14.02.2025 13:38:04,31212,0,96867,100531,0,0,0,0,602503,Done 
ART_A,,ART_A-184,Feature,Done,25.01.2024 13:49:14,,,10.03.2024 13:51:55,21.02.2024 14:31:29,26.09.2024 14:05:56,35634,9039,110617,197524,0,0,0,172588,632927, 
ART_A,,ART_A-183,Feature,Done,14.07.2024 15:09:06,,Done,14.07.2024 15:11:21,21.07.2024 13:27:33,30.01.2025 14:18:44,2,5704,4271,277971,0,0,0,0,624063,Done 
ART_A,,ART_A-182,Feature,Done,21.10.2024 13:39:51,,Not Required,25.10.2024 08:12:37,06.12.2024 18:06:17,28.03.2025 10:49:56,5432,0,61073,160843,0,0,0,302321,239870,Not Required 
ART_A,,ART_A-181,Feature,Done,14.07.2024 15:04:40,,,14.07.2024 15:06:04,21.07.2024 13:27:28,25.10.2024 15:24:47,1,5709,4271,138357,0,0,0,130749,632927, 
ART_A,,ART_A-180,Feature,Canceled,22.04.2024 08:10:23,,,25.10.2024 15:58:26,03.03.2025 10:23:12,13.11.2025 16:11:02,258193,6914,188623,367547,0,0,0,0,210670, 
ART_A,,ART_A-179,Feature,Done,31.01.2024 14:07:23,,,09.05.2024 09:06:27,23.02.2024 13:50:55,08.07.2024 13:25:32,26652,36411,0,165852,0,0,0,287829,632927, 
ART_A,,ART_A-178,Feature,Canceled,09.11.2024 13:53:32,,,16.02.2025 16:08:55,16.02.2025 16:09:05,13.11.2025 16:11:12,142695,0,0,388802,0,0,0,0,210670, 
ART_A,,ART_A-177,Feature,Canceled,26.10.2024 09:33:43,,,26.10.2024 09:48:03,07.12.2024 09:52:49,13.11.2025 16:11:09,14,0,60484,491417,0,0,0,0,210670, 
ART_A,,ART_A-176,Feature,Canceled,06.07.2024 09:48:45,,,13.11.2025 16:07:02,,13.11.2025 16:07:02,713178,0,0,0,0,0,0,0,210674, 
ART_A,,ART_A-175,Feature,Done,11.07.2024 09:16:07,,,01.08.2024 13:47:03,01.08.2024 13:47:03,16.11.2024 09:25:32,30510,0,0,153818,0,0,0,99428,632927, 
ART_A,,ART_A-174,Feature,Done,09.08.2024 12:09:49,,Done,21.09.2024 16:40:05,06.12.2024 18:05:32,26.01.2025 13:04:53,62190,0,109525,73138,0,0,0,0,629896,Done 
ART_A,,ART_A-173,Feature,Funnel,09.11.2024 17:25:51,,,,,,0,0,0,0,0,0,0,0, 
ART_A,,ART_A-172,Feature,Canceled,21.07.2024 11:49:18,,,08.03.2025 09:51:36,21.07.2024 13:27:45,13.11.2025 16:09:25,192630,33239,327227,138362,0,0,0,0,210672, 
ART_A,,ART_A-171,Feature,Done,20.07.2024 11:40:52,,Duplicate,14.11.2025 14:40:36,,14.11.2025 14:40:36,694259,0,0,0,0,0,0,0,209321,Duplicate 
ART_A,,ART_A-170,Feature,Done,08.08.2024 15:29:41,,Done,24.01.2025 10:34:30,22.05.2025 15:56:23,26.05.2025 08:45:51,73,385742,27489,5329,0,0,0,0,457355,Done 
ART_A,,ART_A-169,Feature,Funnel,21.12.2023 11:51:29,,,24.01.2024 15:59:52,24.01.2024 15:59:52,,1168987,0,0,39862,0,0,0,0,0, 
ART_A,,ART_A-168,Feature,Done,21.10.2024 15:13:48,,Done,21.10.2024 15:14:26,06.12.2024 18:05:37,26.01.2025 13:04:40,0,17053,49358,73138,0,0,0,0,629897,Done 
ART_A,,ART_A-167,Feature,Canceled,14.07.2024 15:11:51,,,26.10.2024 15:32:44,,13.11.2025 16:09:23,139806,5702,555826,0,0,0,0,0,210672, 
ART_A,,ART_A-166,Feature,Done,21.10.2024 13:30:58,,Done,15.06.2025 13:58:52,08.09.2025 11:46:46,08.09.2025 11:46:55,223344,5395,200557,0,0,0,22870,0,317379,Done 
ART_A,,ART_A-165,Feature,Done,07.11.2024 17:49:43,,Done,07.11.2024 17:50:39,06.12.2024 18:05:40,22.05.2025 16:14:17,0,7,41767,240367,0,0,0,21509,441157,Done 
ART_A,,ART_A-164,Feature,Canceled,11.05.2024 09:43:47,,,25.10.2024 15:46:55,07.12.2024 09:47:41,13.11.2025 16:11:06,230723,5844,65834,491422,0,0,0,0,210670, 
ART_A,,ART_A-163,Feature,Done,17.10.2024 13:53:04,,Done,03.02.2025 10:23:16,03.02.2025 10:22:29,14.06.2025 14:14:49,50194,17587,169635,0,0,108202,0,7052,422614,Done 
ART_A,,ART_A-162,Feature,Implementation,13.02.2024 10:12:54,,,13.02.2024 10:13:48,21.02.2024 14:45:38,,0,11791,0,1119395,0,0,0,0,0, 
ART_A,,ART_A-161,Feature,Done,25.05.2024 16:26:34,,,20.07.2024 11:06:55,21.10.2024 14:55:01,21.10.2024 14:55:21,80320,91043,43104,0,0,0,0,136539,632927, 
ART_A,,ART_A-159,Feature,Funnel,15.12.2023 16:05:35,,,,,,0,0,0,0,0,0,0,0, 
ART_A,,ART_A-158,Feature,Funnel,14.02.2024 11:14:13,,,,,,0,0,0,0,0,0,0,0, 
ART_A,,ART_A-157,Feature,Done,21.02.2024 10:45:21,,,13.07.2024 09:41:01,27.07.2024 15:50:37,26.10.2024 15:09:55,205855,10287,10241,130999,0,0,0,129324,632927, 
ART_A,,ART_A-156,Feature,Done,04.02.2024 13:22:45,,,07.02.2024 15:03:26,21.02.2024 14:33:16,13.04.2024 16:09:43,4420,10026,10103,74976,0,0,0,411504,632927, 
ART_A,,ART_A-155,Feature,Implementation,27.10.2024 15:36:04,,,08.11.2024 16:15:38,02.05.2025 14:06:07,,17319,0,251869,491595,0,0,0,0,0, 
ART_A,,ART_A-154,Feature,Done,20.07.2024 11:09:43,,Done,20.07.2024 11:13:26,21.10.2024 14:56:00,26.01.2025 13:04:16,3,91037,43105,139567,0,0,0,0,629897,Done 
ART_A,,ART_A-153,Feature,Done,16.12.2023 11:31:06,,,10.05.2024 11:54:48,12.05.2024 10:03:13,26.09.2024 14:06:03,177240,22861,12930,197522,0,0,0,172588,632927, 
ART_A,,ART_A-152,Feature,Done,12.05.2024 10:34:25,,,12.05.2024 10:42:01,25.07.2024 15:00:14,24.11.2024 11:25:04,7,92133,14685,175464,0,0,0,87789,632927, 
ART_A,,ART_A-151,Feature,Canceled,31.01.2024 14:05:10,,,09.05.2024 09:06:17,23.02.2024 13:50:44,13.11.2025 16:07:00,728139,127264,0,83595,0,0,0,0,210674, 
ART_A,,ART_A-150,Feature,Implementation,24.10.2024 15:04:16,,,08.11.2024 12:51:58,02.12.2024 14:13:02,,21467,0,34640,709028,0,0,0,0,0, 
ART_A,,ART_A-149,Feature,Done,31.01.2024 14:05:43,,,01.02.2024 08:30:23,23.02.2024 13:50:47,20.07.2024 10:54:16,1104,31999,0,212943,0,0,0,270700,632927, 
ART_A,,ART_A-147,Feature,Done,20.07.2024 11:12:23,,Done,20.07.2024 11:13:30,21.11.2024 10:27:56,13.03.2025 16:22:50,1,91037,87477,161587,0,0,0,0,563504,Done 
ART_A,,ART_A-146,Feature,Done,31.01.2024 14:06:11,,,09.05.2024 09:06:20,23.02.2024 13:50:51,27.07.2024 09:48:08,26653,36411,0,192995,0,0,0,260686,632927, 
ART_A,,ART_A-145,Feature,Done,11.07.2024 09:07:59,,,01.08.2024 13:46:42,01.08.2024 13:46:42,16.11.2024 09:25:18,30518,0,0,153818,0,0,0,99429,632927, 
ART_A,,ART_A-144,Feature,Canceled,06.07.2024 10:20:05,,,26.10.2024 15:34:08,,13.11.2025 16:09:17,161594,0,551554,0,0,0,0,0,210672, 
ART_A,,ART_A-143,Feature,Done,17.12.2023 09:29:46,,,24.01.2024 16:08:38,21.02.2024 14:31:21,13.04.2024 16:08:52,55118,20093,20129,74977,0,0,0,411505,632927, 
ART_A,,ART_A-142,Feature,Done,10.02.2024 18:26:11,,,22.03.2024 14:03:28,12.05.2024 10:01:21,26.09.2024 14:05:53,58777,60524,12673,197524,0,0,0,172588,632927, 
ART_A,,ART_A-140,Feature,Canceled,06.07.2024 09:51:02,,,13.11.2025 16:07:04,,13.11.2025 16:07:04,713176,0,0,0,0,0,0,0,210674, 
ART_A,,ART_A-139,Feature,Done,22.04.2024 08:43:12,,,03.05.2024 14:48:55,12.05.2024 10:01:40,26.09.2024 14:05:59,16205,0,12672,197524,0,0,0,172588,632927, 
ART_A,,ART_A-138,Feature,Done,07.06.2024 14:52:36,,Done,13.06.2025 10:06:08,21.07.2025 13:41:54,12.09.2025 13:59:23,169392,364560,54935,76337,0,0,0,1,300080,Done 
ART_A,,ART_A-137,Feature,Funnel,22.11.2024 12:19:25,,,08.11.2025 07:43:38,,,723541,0,0,0,0,0,0,0,0, 
ART_A,,ART_A-136,Feature,Implementation,22.11.2024 12:11:42,,,03.04.2025 13:21:17,13.10.2025 11:40:51,,190149,193013,84806,255580,0,0,0,0,0, 
ART_A,,ART_A-135,Feature,Funnel,25.11.2024 11:30:11,,,13.02.2025 11:13:51,,,719270,0,0,0,0,0,0,0,0, 
ART_A,,ART_A-134,Feature,Funnel,25.05.2024 11:36:11,,,24.01.2025 10:34:23,07.09.2024 14:20:02,,634058,219168,60389,70608,0,0,0,0,0, 
ART_A,,ART_A-133,Feature,Canceled,20.07.2024 12:02:16,,,26.10.2024 15:30:24,03.02.2025 10:24:44,13.11.2025 16:11:08,141328,0,143693,407866,0,0,0,0,210670, 
ART_A,,ART_A-132,Feature,Canceled,22.04.2024 08:07:38,,,25.10.2024 15:57:58,07.12.2024 09:47:18,13.11.2025 16:11:00,268310,0,61549,491423,0,0,0,0,210670, 
ART_A,,ART_A-131,Feature,Done,11.03.2024 14:03:59,,Done,03.05.2024 14:48:38,27.07.2024 15:50:32,26.01.2025 13:04:25,76364,112220,10241,263353,0,0,0,0,629897,Done 
ART_A,,ART_A-130,Feature,Done,07.06.2024 16:36:02,,,13.07.2024 09:56:09,27.07.2024 15:50:14,21.10.2024 10:15:03,51440,10274,10240,123504,0,0,0,136819,632927, 
ART_A,,ART_A-129,Feature,Done,08.08.2024 16:45:38,,Done,12.06.2025 14:23:27,26.06.2025 13:19:50,29.09.2025 16:14:54,443377,4313,15782,136975,0,0,0,28388,247078,Done 
ART_A,,ART_A-128,Feature,Done,20.04.2024 10:25:04,,,03.05.2024 13:34:59,25.07.2024 15:04:12,12.10.2024 15:51:04,18909,12744,106864,113806,0,0,0,149443,632927, 
ART_A,,ART_A-127,Feature,Implementation,11.07.2024 12:12:41,,,12.07.2024 14:47:27,22.07.2024 11:22:33,,1594,8665,5529,900718,0,0,0,0,0, 
ART_A,,ART_A-125,Feature,Done,03.11.2024 15:59:29,,Done,28.03.2025 10:08:44,,28.03.2025 10:08:44,208449,0,0,0,0,0,0,0,542233,Done 
ART_A,,ART_A-124,Feature,Done,09.11.2024 11:36:46,,Done,09.11.2024 15:03:44,21.11.2024 10:28:43,13.03.2025 13:40:59,206,0,17004,161471,0,0,0,74,563546,Done 
ART_A,,ART_A-123,Feature,Funnel,02.11.2024 14:36:53,,,,,,0,0,0,0,0,0,0,0, 
ART_A,,ART_A-122,Feature,Funnel,22.11.2024 12:21:10,,,,,,0,0,0,0,0,0,0,0, 
ART_A,,ART_A-121,Feature,Done,21.02.2024 14:40:45,,Done,07.11.2024 17:59:09,27.07.2024 15:50:48,15.06.2025 12:35:37,103693,18400,246360,297972,0,0,0,24645,428326,Done 
ART_A,,ART_A-120,Feature,Done,14.02.2024 14:45:48,,,14.02.2024 15:05:15,21.02.2024 14:33:29,10.03.2024 13:53:45,19,0,10048,25880,0,0,0,460600,632927, 
ART_A,,ART_A-119,Feature,Canceled,14.07.2024 15:13:59,,,26.10.2024 15:33:24,,13.11.2025 16:09:24,149779,0,551555,0,0,0,0,0,210672, 
ART_A,,ART_A-118,Feature,Canceled,14.07.2024 13:17:13,,,08.03.2025 09:45:05,,13.11.2025 16:09:21,341067,33245,327138,0,0,0,0,0,210672, 
ART_A,,ART_A-117,Feature,Done,20.04.2024 10:29:43,,Done,12.10.2024 13:34:49,12.05.2024 09:44:48,27.03.2025 10:43:36,125497,7048,176697,181808,0,0,0,0,543637,Done 
ART_A,,ART_A-116,Feature,Done,06.12.2024 08:45:39,,Done,13.03.2025 14:52:10,13.03.2025 14:52:10,28.03.2025 09:18:10,140046,0,0,21266,0,0,0,84929,457353,Done 
ART_A,,ART_A-115,Feature,Canceled,25.10.2024 15:49:03,,,25.10.2024 15:50:47,,13.11.2025 16:09:28,1,0,552978,0,0,0,0,0,210672, 
ART_A,,ART_A-114,Feature,Implementation,11.07.2024 15:27:01,,,12.07.2024 14:47:41,22.07.2024 11:22:29,,1400,8665,5529,900718,0,0,0,0,0, 
ART_A,,ART_A-113,Feature,Canceled,10.05.2024 16:47:39,,,25.10.2024 15:53:56,,13.11.2025 16:09:14,241866,0,552974,0,0,0,0,0,210672, 
ART_A,,ART_A-112,Feature,Implementation,21.10.2024 09:56:15,,,24.01.2025 10:34:18,22.05.2025 15:56:28,,120,279469,27490,462685,0,0,0,0,0, 
ART_A,,ART_A-111,Feature,Done,03.02.2024 09:34:36,,,03.02.2024 09:47:56,03.02.2024 09:46:12,12.10.2024 14:07:59,0,0,26190,336961,0,0,0,149546,632927, 
ART_A,,ART_A-110,Feature,Done,16.02.2024 08:31:31,,,16.02.2024 08:56:50,21.02.2024 14:33:06,13.04.2024 16:09:58,25,0,7536,74976,0,0,0,411504,632927, 
ART_A,,ART_A-109,Feature,Done,11.07.2024 13:18:44,,,12.07.2024 14:47:37,24.11.2024 14:36:19,24.11.2024 14:36:24,1528,8665,185723,0,0,0,0,87597,632927, 
ART_A,,ART_A-108,Feature,Done,02.12.2024 08:03:02,,Done,12.06.2025 14:17:48,19.06.2025 10:41:18,07.09.2025 10:41:46,276854,1182,8681,115200,0,0,0,7400,300079,Done 
ART_A,,ART_A-107,Feature,Done,13.07.2024 15:09:54,,Done,24.01.2025 10:34:16,27.07.2024 15:50:05,28.03.2025 09:18:37,54478,107931,10239,198516,0,0,0,102138,440144,Done 
ART_A,,ART_A-106,Feature,Done,31.01.2024 11:55:22,,,13.04.2024 17:11:37,13.04.2024 17:11:37,13.04.2024 17:12:24,105436,0,0,0,0,0,0,411441,632927, 
ART_A,,ART_A-105,Feature,Done,11.07.2024 09:13:40,,,01.08.2024 13:46:48,01.08.2024 13:46:48,16.11.2024 09:25:22,30513,0,0,153818,0,0,0,99428,632927, 
ART_A,,ART_A-104,Feature,Funnel,22.11.2024 15:00:40,,,,,,0,0,0,0,0,0,0,0, 
ART_A,,ART_A-103,Feature,Canceled,06.07.2024 10:30:24,,,08.03.2025 09:43:33,,13.11.2025 16:09:19,352753,33246,327139,0,0,0,0,0,210672, 
ART_A,,ART_A-102,Feature,Funnel,15.12.2023 16:02:21,,,24.01.2024 16:07:22,,,1194669,20101,2469,0,0,0,0,0,0, 
ART_A,,ART_A-101,Feature,Done,17.10.2024 11:24:45,,Done,17.10.2024 13:56:21,21.11.2024 10:28:15,14.06.2025 14:13:39,151,30237,19954,295424,0,0,0,7053,422614,Done 
ART_A,,ART_A-100,Feature,Funnel,02.12.2023 08:26:46,,,,,,0,0,0,0,0,0,0,0, 
ART_A,,ART_A-99,Feature,Canceled,26.10.2024 09:37:51,,,26.10.2024 09:48:07,,13.11.2025 16:11:50,10,0,551903,0,0,0,0,0,210669, 
ART_A,,ART_A-98,Feature,Done,31.01.2024 14:10:16,,,01.02.2024 08:32:16,23.02.2024 13:50:58,25.10.2024 15:21:43,1102,31998,0,352890,0,0,0,130752,632927, 
ART_A,,ART_A-97,Feature,Done,10.03.2024 15:01:12,,,03.05.2024 14:48:05,12.05.2024 10:01:45,26.10.2024 15:08:17,77746,0,12673,240786,0,0,0,129325,632927, 
ART_A,,ART_A-96,Feature,Done,15.12.2023 14:10:35,,Done,02.02.2024 08:48:00,25.07.2024 15:00:04,06.02.2025 14:28:51,57715,244691,18761,282208,0,0,0,0,613972,Done 
ART_A,,ART_A-95,Feature,Done,12.04.2024 10:59:17,,,03.05.2024 14:48:32,27.07.2024 15:50:55,21.10.2024 14:44:37,30469,12674,109787,123773,0,0,0,136549,632927, 
ART_A,,ART_A-94,Feature,Done,10.03.2024 15:40:18,,Done,24.01.2025 10:34:12,26.05.2025 11:31:24,19.06.2025 10:43:50,293521,309724,32984,34512,0,0,0,60,422617,Done 
ART_A,,ART_A-93,Feature,Done,20.04.2024 10:27:51,,Done,12.10.2024 13:33:00,12.05.2024 09:44:44,27.03.2025 10:42:44,125497,7048,96361,262145,0,0,0,1,543637,Done 
ART_A,,ART_A-92,Feature,Done,11.07.2024 09:15:26,,,01.08.2024 13:46:58,01.08.2024 13:46:58,16.11.2024 09:25:29,30511,0,0,153818,0,0,0,99428,632927, 
ART_A,,ART_A-91,Feature,Done,14.02.2024 10:55:58,,Done,13.07.2024 09:40:47,27.07.2024 15:50:43,14.02.2025 13:36:57,215924,10287,10242,290745,0,0,0,0,602504,Done 
ART_A,,ART_A-90,Feature,Done,17.02.2024 15:49:06,,,21.02.2024 14:43:52,22.02.2024 10:24:01,05.07.2024 15:18:55,5694,1179,0,193254,0,0,0,292035,632927, 
ART_A,,ART_A-89,Feature,Implementation,17.10.2024 13:42:13,,,13.10.2025 11:46:16,18.10.2025 14:03:35,,205877,203197,117984,248238,0,0,0,0,0, 
ART_A,,ART_A-88,Feature,Done,03.02.2024 09:38:36,,Done,03.02.2024 09:39:00,21.02.2024 14:08:13,28.03.2025 15:34:00,0,0,26189,577524,0,0,0,355625,186282,Done 
ART_A,,ART_A-87,Feature,Done,30.09.2024 12:54:58,,,06.10.2024 10:13:48,26.10.2024 15:11:52,26.10.2024 15:12:00,8478,0,29097,0,0,0,0,129322,632927, 
ART_A,,ART_A-86,Feature,Funnel,02.11.2024 14:33:38,,,,,,0,0,0,0,0,0,0,0, 
ART_A,,ART_A-85,Feature,Done,17.10.2024 14:11:13,,Done,17.10.2024 14:12:48,06.02.2025 13:54:32,27.03.2025 10:44:44,1,23113,138148,70370,0,0,0,1331,542306,Done 
ART_A,,ART_A-84,Feature,Done,18.01.2024 15:02:56,,Done,12.06.2025 14:23:25,26.06.2025 13:19:48,29.09.2025 16:14:50,682757,53244,19890,136975,0,0,0,28388,247078,Done 
ART_A,,ART_A-83,Feature,Done,15.12.2023 14:11:42,,Not Required,02.02.2024 08:48:13,21.02.2024 14:08:09,08.03.2025 11:01:51,489745,32970,7230,116422,0,0,0,0,570979,Not Required 
ART_A,,ART_A-82,Feature,Canceled,10.05.2024 16:59:46,,,20.07.2024 11:49:00,21.07.2024 13:27:17,13.11.2025 16:11:05,101821,107,1538,691362,0,0,0,0,210670, 
ART_A,,ART_A-81,Feature,Done,10.11.2024 12:45:23,,Not Required,10.11.2024 12:46:07,,15.02.2025 15:25:05,0,0,139837,0,0,0,0,0,600956,Not Required 
ART_A,,ART_A-80,Feature,Done,30.09.2024 11:43:21,,Done,06.10.2024 15:36:59,03.02.2025 10:21:48,13.03.2025 14:53:55,8873,0,172484,54992,0,0,0,0,563547,Done 
ART_A,,ART_A-79,Feature,Funnel,19.10.2024 09:36:37,,,08.11.2024 07:59:38,24.11.2024 15:04:42,,638209,23465,8889,102100,0,0,0,0,0, 
ART_A,,ART_A-78,Feature,Done,16.12.2023 11:21:40,,,24.01.2024 16:07:43,21.02.2024 14:31:25,10.05.2024 10:09:09,56446,20092,20130,113497,0,0,0,372984,632927, 
ART_A,,ART_A-77,Feature,Done,02.02.2024 15:22:04,,,02.02.2024 15:23:12,21.02.2024 14:08:06,09.05.2024 09:43:55,1,0,27284,112055,0,0,0,374450,632927, 
ART_A,,ART_A-76,Feature,Canceled,22.04.2024 08:20:42,,,08.03.2025 09:42:47,,13.11.2025 16:09:13,296689,33247,491330,0,0,0,0,0,210672, 
ART_A,,ART_A-75,Feature,Done,07.07.2024 09:55:42,,Done,07.07.2024 10:02:52,27.07.2024 15:50:18,28.03.2025 09:18:48,7,18907,10240,350967,0,0,0,295204,247078,Done 
ART_A,,ART_A-74,Feature,Done,16.12.2023 11:06:50,,,24.01.2024 15:59:17,24.01.2024 15:59:17,13.04.2024 16:08:57,56452,0,0,115209,0,0,0,411505,632927, 
ART_A,,ART_A-73,Feature,Canceled,31.01.2024 14:03:41,,,26.10.2024 15:38:23,03.02.2025 10:25:04,13.11.2025 16:10:51,355452,32002,143685,407865,0,0,0,0,210670, 
ART_A,,ART_A-72,Feature,Done,31.01.2024 14:04:32,,,01.02.2024 08:28:36,23.02.2024 13:49:33,04.08.2024 13:50:48,1104,32000,0,234721,0,0,0,248923,632927, 
ART_A,,ART_A-71,Feature,Done,14.07.2024 11:21:22,,,14.07.2024 11:34:50,27.07.2024 15:50:09,26.10.2024 15:08:03,13,8735,10239,130997,0,0,0,129326,632927, 
ART_A,,ART_A-70,Feature,Done,03.06.2024 14:08:49,,Done,12.06.2025 14:23:37,21.07.2025 13:41:59,30.10.2025 13:28:32,194402,345346,54942,145426,0,0,0,21383,209609,Done 
ART_A,,ART_A-69,Feature,Done,11.07.2024 09:14:36,,,01.08.2024 13:46:53,01.08.2024 13:46:53,16.11.2024 09:25:25,30512,0,0,153818,0,0,0,99428,632927, 
ART_A,,ART_A-68,Feature,Done,21.07.2024 13:06:49,,,21.07.2024 13:29:15,21.07.2024 13:27:47,07.12.2024 09:46:20,4,0,136976,62977,0,0,0,69167,632927, 
ART_A,,ART_A-67,Feature,Done,18.10.2024 08:57:17,,Done,18.10.2024 09:43:47,03.02.2025 10:22:08,13.11.2025 12:08:58,46,21942,133615,407626,0,0,0,0,210912,Done 
ART_A,,ART_A-66,Feature,Done,19.10.2024 09:29:38,,Done,02.11.2024 10:57:43,17.01.2025 14:43:12,13.03.2025 15:51:40,20248,7377,102288,79267,0,0,0,0,563490,Done 
ART_A,,ART_A-65,Feature,Done,16.12.2023 11:55:10,,,24.01.2024 16:08:30,21.02.2024 14:30:05,26.09.2024 14:02:59,56413,20093,20128,313892,0,0,0,172591,632927, 
ART_A,,ART_A-64,Feature,Done,20.07.2024 11:28:49,,Done,20.07.2024 13:12:06,,28.03.2025 09:17:56,103,90918,210068,0,0,0,60218,84928,457355,Done 
ART_A,,ART_A-63,Feature,Funnel,17.10.2024 14:13:43,,,,,,0,0,0,0,0,0,0,0, 
ART_A,,ART_A-62,Feature,Program Backlog,02.12.2024 09:52:36,,,17.08.2025 13:47:12,,,371754,151164,186369,0,0,0,0,0,0, 
ART_A,,ART_A-61,Feature,Done,08.11.2024 12:31:13,,Done,08.11.2024 12:37:15,21.11.2024 13:34:45,27.03.2025 13:02:27,6,0,18777,181407,0,0,0,0,543499,Done 
ART_A,,ART_A-60,Feature,Funnel,20.07.2024 11:33:25,,,,,,0,0,0,0,0,0,0,0, 
ART_A,,ART_A-59,Feature,Funnel,07.12.2023 09:37:25,,,12.09.2025 15:01:58,,,824643,21474,383023,0,0,0,0,0,0, 
ART_A,,ART_A-58,Feature,Done,17.12.2023 15:03:32,,,24.01.2024 16:31:20,21.02.2024 14:30:53,09.05.2024 09:49:38,54807,20070,20128,112038,0,0,0,374444,632927, 
ART_A,,ART_A-57,Feature,Done,02.08.2024 18:03:34,,Done,24.01.2025 10:34:02,11.04.2025 15:27:21,22.05.2025 16:15:07,8559,354163,0,59087,0,0,0,5312,457354,Done 
ART_A,,ART_A-56,Feature,Done,03.05.2024 12:51:53,,,03.05.2024 14:48:48,12.05.2024 10:01:32,25.05.2024 13:07:39,116,0,12672,18906,0,0,0,351206,632927, 
ART_A,,ART_A-55,Feature,Funnel,22.11.2024 15:13:11,Stammdaten|,,13.03.2025 11:49:46,,,523052,200314,0,0,0,0,0,0,0, 
ART_A,,ART_A-54,Feature,Done,18.01.2025 17:26:27,,Won't Do,18.01.2025 17:26:33,,15.11.2025 14:41:30,370071,63203,0,0,0,0,0,0,207880,Won't Do 
ART_A,,ART_A-50,Feature,Done,11.05.2024 11:23:34,,Done,13.07.2024 09:43:47,23.09.2024 10:29:04,24.10.2024 13:23:26,90620,103689,36,44814,0,0,0,14198,751039,Done 
ART_A,,ART_A-49,Feature,Funnel,16.01.2025 11:52:01,,,17.01.2025 17:28:57,,,552238,92130,0,0,0,0,0,0,0, 
ART_A,,ART_A-48,Feature,Done,07.11.2024 18:09:04,,Done,07.11.2024 18:13:09,06.12.2024 18:06:05,13.03.2025 14:58:47,4,0,41752,139492,0,0,0,0,563543,Done 
ART_A,,ART_A-47,Feature,Done,07.10.2024 10:07:23,,Done,07.10.2024 10:07:45,12.10.2024 11:09:11,24.01.2025 13:30:42,0,0,7261,131356,0,0,0,7292,644002,Done 
ART_A,,ART_A-45,Feature,Done,02.11.2024 11:43:35,,Done,02.11.2024 11:44:05,18.01.2025 16:10:11,07.06.2025 13:58:13,0,8526,102618,201468,0,0,0,0,439763,Done 
ART_A,,ART_A-44,Feature,Done,28.09.2024 18:33:29,,Done,28.09.2024 18:34:00,14.11.2024 10:05:54,27.03.2025 12:01:40,0,67145,26,191635,0,0,0,1805,541754,Done 
ART_A,,ART_A-43,Feature,Done,09.06.2024 13:51:10,,Done,07.06.2025 15:36:15,04.07.2025 13:43:26,31.10.2025 10:24:44,520082,21278,20230,171161,0,0,0,33,229703,Done 
ART_A,,ART_A-42,Feature,Done,20.04.2024 10:30:56,,Done,05.05.2024 14:44:28,25.07.2024 13:39:07,24.01.2025 13:30:48,21853,100491,16083,152404,0,0,0,99855,644002,Done 
ART_A,,ART_A-41,Feature,Done,27.10.2024 15:56:57,,Done,27.10.2024 15:57:23,15.11.2024 17:10:59,23.03.2025 12:29:45,0,16912,10520,184038,0,0,0,0,549292,Done 
ART_A,,ART_A-40,Feature,Done,11.05.2024 11:21:00,,Done,28.09.2024 10:47:30,14.11.2024 09:54:40,23.03.2025 12:29:33,201566,41977,25649,185913,0,0,0,0,549292,Done 
ART_A,,ART_A-38,Feature,Done,20.04.2024 10:33:12,,Done,13.07.2024 09:41:37,14.11.2024 10:05:44,27.03.2025 09:37:23,120908,17517,161066,191490,0,0,0,144,543560,Done 
ART_A,,ART_A-37,Feature,Done,30.09.2024 14:39:19,,Done,30.03.2025 13:29:18,07.06.2025 14:17:58,01.09.2025 15:10:42,34704,129203,196069,123892,0,0,0,15495,300356,Done 
ART_A,,ART_A-36,Feature,Done,27.10.2024 14:30:33,,Done,27.10.2024 14:30:55,10.01.2025 13:38:01,17.03.2025 10:00:51,0,16999,90947,94822,0,0,0,7718,550362,Done 
ART_A,,ART_A-35,Feature,Funnel,25.04.2024 11:01:48,,,29.09.2024 10:07:29,,,884650,37994,104814,0,0,0,0,0,0, 
ART_A,,ART_A-34,Feature,Done,09.06.2024 13:50:14,Scope Erweiterung|,Duplicate,08.02.2025 18:12:09,,14.11.2025 14:23:36,351621,401531,0,0,0,0,0,0,209338,Duplicate 
ART_A,,ART_A-33,Feature,Done,22.11.2024 15:22:33,,Done,07.06.2025 15:23:13,04.07.2025 13:43:24,11.09.2025 18:15:35,283680,18629,20150,99632,0,0,0,909,300356,Done 
ART_A,,ART_A-32,Feature,Done,07.10.2024 12:03:21,,Done,07.10.2024 12:03:39,14.11.2024 10:00:57,24.01.2025 13:29:54,0,28943,25653,102448,0,0,0,0,632751,Done 
ART_A,,ART_A-31,Feature,Canceled,13.01.2025 20:08:01,Systembetrieb / Performance / Stabilität KKP Hub|,,22.06.2025 14:54:32,31.03.2025 11:34:54,31.10.2025 10:24:20,35,292966,5733,119719,0,0,0,0,229737, 
ART_A,,ART_A-30,Feature,Funnel,30.09.2024 14:44:18,,,16.01.2025 17:58:36,,,761779,37936,0,0,0,0,0,0,0, 
ART_A,,ART_A-29,Feature,Done,13.01.2025 20:06:47,,Done,16.01.2025 17:58:36,31.01.2025 15:28:31,22.03.2025 18:39:30,0,25617,23,72190,0,0,0,0,550362,Done 
ART_A,,ART_A-28,Feature,Done,07.11.2024 18:10:40,,Done,27.03.2025 10:38:20,22.05.2025 15:55:15,30.05.2025 08:46:07,201147,53468,27488,11090,0,0,0,0,451595,Done 
ART_A,,ART_A-27,Feature,Done,28.10.2024 16:17:07,,Done,28.10.2024 16:17:16,18.01.2025 16:10:34,23.03.2025 12:29:41,0,24082,93990,91939,0,0,0,0,549292,Done 
ART_A,,ART_A-26,Feature,Done,05.10.2024 10:57:21,,Done,05.10.2024 10:57:32,14.12.2024 15:38:55,28.03.2025 12:35:04,0,8710,92371,149576,0,0,0,0,542086,Done 
ART_A,,ART_A-25,Feature,Analysis,31.01.2024 11:25:33,,,09.03.2025 14:57:48,,,476310,673523,0,0,0,0,0,0,0, 
ART_A,,ART_A-24,Feature,Done,24.01.2024 10:24:09,,Done,11.02.2024 11:36:37,13.07.2024 11:49:48,16.06.2025 10:38:58,136852,108257,1214,486648,0,0,0,0,427001,Done 
ART_A,,ART_A-23,Feature,Done,21.10.2024 13:40:43,,Done,25.10.2024 08:14:46,,30.01.2025 14:17:19,5434,11951,128090,0,0,0,0,0,624064,Done 
ART_A,,ART_A-22,Feature,Done,31.01.2024 11:27:30,,Done,16.01.2025 15:55:03,,09.03.2025 14:15:05,352599,227887,0,0,0,0,0,0,569346,Done 
ART_A,,ART_A-21,Feature,Done,21.10.2024 09:49:35,,Done,07.11.2024 15:22:49,30.01.2025 14:18:34,14.06.2025 11:16:59,24813,1308,119586,194218,0,0,0,0,429844,Done 
ART_A,,ART_A-20,Feature,Done,31.01.2024 11:26:02,,Done,01.02.2024 08:48:50,,09.03.2025 14:15:18,459434,121053,0,0,0,0,0,0,569346,Done 
ART_A,,ART_A-19,Feature,Done,13.12.2023 08:57:50,,,08.02.2024 14:50:23,09.03.2024 08:56:44,28.09.2024 11:09:10,60918,15731,48625,292452,0,0,0,158685,644126, 
ART_A,,ART_A-18,Feature,Done,31.01.2024 11:26:26,,Done,01.02.2024 08:48:59,,09.03.2025 14:15:28,567289,13198,0,0,0,0,0,0,569346,Done 
ART_A,,ART_A-17,Feature,Done,24.01.2024 09:55:13,,Done,05.10.2024 10:52:37,30.01.2025 14:17:47,28.03.2025 12:31:45,367257,8714,159969,81973,0,0,0,0,542090,Done 
ART_A,,ART_A-16,Feature,Done,31.01.2024 11:29:16,,Done,01.02.2024 08:50:11,,09.03.2025 14:15:39,578736,1749,0,0,0,0,0,0,569346,Done 
ART_A,,ART_A-15,Feature,Done,26.09.2024 12:00:09,,Done,11.10.2024 12:06:51,03.02.2025 10:18:15,28.03.2025 12:35:17,21606,31878,133612,76457,0,0,0,0,542086,Done 
ART_A,,ART_A-14,Feature,Done,27.09.2024 10:19:33,,Done,19.10.2024 09:19:53,14.11.2024 08:01:21,28.03.2025 12:26:15,4508,20526,43946,193224,0,0,0,0,542095,Done 
ART_A,,ART_A-13,Feature,Done,06.04.2024 10:59:25,,,03.05.2024 13:33:45,12.05.2024 09:44:33,18.07.2024 09:43:41,39034,0,12730,96479,0,0,0,262451,644126, 
ART_A,,ART_A-12,Feature,Done,27.01.2024 11:39:37,,,01.02.2024 08:24:05,21.02.2024 14:30:30,09.05.2024 09:50:47,7004,1767,27399,112040,0,0,0,363244,644126, 
ART_A,,ART_A-11,Feature,Done,31.01.2024 11:30:10,,Done,16.01.2025 15:55:01,,09.03.2025 14:15:10,266102,314380,0,0,0,0,0,0,569346,Done 
ART_A,,ART_A-10,Feature,Done,10.05.2024 14:01:50,,Done,12.07.2024 15:01:06,25.07.2024 15:00:09,30.01.2025 14:16:40,90779,4033,14685,272115,0,0,0,0,624065,Done 
ART_A,,ART_A-9,Feature,Done,31.01.2024 11:28:24,,Done,01.02.2024 08:50:00,,09.03.2025 14:15:35,567288,13198,0,0,0,0,0,0,569346,Done 
ART_A,,ART_A-8,Feature,Done,02.11.2024 14:37:40,,,16.01.2025 15:55:01,24.08.2025 14:14:35,24.10.2025 15:49:27,8241,416534,0,87934,0,0,0,0,239492, 
ART_A,,ART_A-7,Feature,Done,10.08.2024 13:13:38,,Done,16.01.2025 15:55:01,,09.03.2025 14:15:15,89209,214691,0,0,0,0,0,0,569346,Done 
ART_A,,ART_A-6,Feature,Done,07.11.2024 18:18:14,,Done,08.11.2024 13:02:46,03.02.2025 10:18:13,28.03.2025 12:35:22,1124,5,125109,76457,0,0,0,0,542086,Done 
ART_A,,ART_A-5,Feature,Done,31.01.2024 11:27:55,,Done,05.10.2024 10:52:03,14.12.2024 15:38:51,16.06.2025 10:38:44,247480,118316,92371,264659,0,0,0,0,427003,Done 
ART_A,,ART_A-4,Feature,Done,31.01.2024 11:26:51,,Done,16.01.2025 16:17:01,14.12.2024 15:38:47,28.03.2025 12:28:23,236031,129768,92371,149478,0,0,0,0,542181,Done 
ART_A,,ART_A-2,Feature,Program Backlog,10.01.2025 10:28:27,,,10.01.2025 10:28:39,10.01.2025 10:28:39,,0,0,642997,8897,0,0,0,0,1196, 
