Day,Funnel,Analysis,Program Backlog,Implementation,Blocker,Validating on Staging,Deploying to Production,Releasing,Done 
08.04.2022,0,0,0,0,0,0,0,0,0 
09.04.2022,0,0,0,0,0,0,0,0,0 
10.04.2022,0,0,0,0,0,0,0,0,0 
11.04.2022,0,0,0,0,0,0,0,0,0 
12.04.2022,0,0,0,0,0,0,0,0,0 
13.04.2022,0,0,0,0,0,0,0,0,0 
14.04.2022,0,0,0,0,0,0,0,0,0 
15.04.2022,0,0,0,0,0,0,0,0,0 
16.04.2022,0,0,0,0,0,0,0,0,0 
17.04.2022,0,0,0,0,0,0,0,0,0 
18.04.2022,0,0,0,0,0,0,0,0,0 
19.04.2022,0,0,0,0,0,0,0,0,0 
20.04.2022,0,0,0,0,0,0,0,0,0 
21.04.2022,0,0,0,0,0,0,0,0,0 
22.04.2022,0,0,0,0,0,0,0,0,0 
23.04.2022,0,0,0,0,0,0,0,0,0 
24.04.2022,0,0,0,0,0,0,0,0,0 
25.04.2022,0,0,0,0,0,0,0,0,0 
26.04.2022,0,0,0,0,0,0,0,0,0 
27.04.2022,0,0,0,0,0,0,0,0,0 
28.04.2022,0,0,0,0,0,0,0,0,0 
29.04.2022,0,0,0,0,0,0,0,0,0 
30.04.2022,0,0,0,0,0,0,0,0,0 
01.05.2022,0,0,0,0,0,0,0,0,0 
02.05.2022,0,0,0,0,0,0,0,0,0 
03.05.2022,0,0,0,0,0,0,0,0,0 
04.05.2022,0,0,0,0,0,0,0,0,0 
05.05.2022,0,0,0,0,0,0,0,0,0 
06.05.2022,0,0,0,0,0,0,0,0,0 
07.05.2022,0,0,0,0,0,0,0,0,0 
08.05.2022,0,0,0,0,0,0,0,0,0 
09.05.2022,0,0,0,0,0,0,0,0,0 
10.05.2022,0,0,0,0,0,0,0,0,0 
11.05.2022,0,0,0,0,0,0,0,0,0 
12.05.2022,0,0,0,0,0,0,0,0,0 
13.05.2022,0,0,0,0,0,0,0,0,0 
14.05.2022,0,0,0,0,0,0,0,0,0 
15.05.2022,0,0,0,0,0,0,0,0,0 
16.05.2022,0,0,0,0,0,0,0,0,0 
17.05.2022,0,0,0,0,0,0,0,0,0 
18.05.2022,0,0,0,0,0,0,0,0,0 
19.05.2022,0,0,0,0,0,0,0,0,0 
20.05.2022,0,0,0,0,0,0,0,0,0 
21.05.2022,0,0,0,0,0,0,0,0,0 
22.05.2022,0,0,0,0,0,0,0,0,0 
23.05.2022,0,0,0,0,0,0,0,0,0 
24.05.2022,0,0,0,0,0,0,0,0,0 
25.05.2022,0,0,0,0,0,0,0,0,0 
26.05.2022,0,0,0,0,0,0,0,0,0 
27.05.2022,0,0,0,0,0,0,0,0,0 
28.05.2022,0,0,0,0,0,0,0,0,0 
29.05.2022,0,0,0,0,0,0,0,0,0 
30.05.2022,0,0,0,0,0,0,0,0,0 
31.05.2022,0,0,0,0,0,0,0,0,0 
01.06.2022,0,0,0,0,0,0,0,0,0 
02.06.2022,0,0,0,0,0,0,0,0,0 
03.06.2022,0,0,0,0,0,0,0,0,0 
04.06.2022,0,0,0,0,0,0,0,0,0 
05.06.2022,0,0,0,0,0,0,0,0,0 
06.06.2022,0,0,0,0,0,0,0,0,0 
07.06.2022,0,0,0,0,0,0,0,0,0 
08.06.2022,0,0,0,0,0,0,0,0,0 
09.06.2022,0,0,0,0,0,0,0,0,0 
10.06.2022,0,0,0,0,0,0,0,0,0 
11.06.2022,0,0,0,0,0,0,0,0,0 
12.06.2022,0,0,0,0,0,0,0,0,0 
13.06.2022,0,0,0,0,0,0,0,0,0 
14.06.2022,0,0,0,0,0,0,0,0,0 
15.06.2022,0,0,0,0,0,0,0,0,0 
16.06.2022,0,0,0,0,0,0,0,0,0 
17.06.2022,0,0,0,0,0,0,0,0,0 
18.06.2022,0,0,0,0,0,0,0,0,0 
19.06.2022,0,0,0,0,0,0,0,0,0 
20.06.2022,0,0,0,0,0,0,0,0,0 
21.06.2022,0,0,0,0,0,0,0,0,0 
22.06.2022,0,0,0,0,0,0,0,0,0 
23.06.2022,0,0,0,0,0,0,0,0,0 
24.06.2022,0,0,0,0,0,0,0,0,0 
25.06.2022,0,0,0,0,0,0,0,0,0 
26.06.2022,0,0,0,0,0,0,0,0,0 
27.06.2022,0,0,0,0,0,0,0,0,0 
28.06.2022,0,0,0,0,0,0,0,0,0 
29.06.2022,0,0,0,0,0,0,0,0,0 
30.06.2022,0,0,0,0,0,0,0,0,0 
01.07.2022,0,0,0,0,0,0,0,0,0 
02.07.2022,0,0,0,0,0,0,0,0,0 
03.07.2022,0,0,0,0,0,0,0,0,0 
04.07.2022,0,0,0,0,0,0,0,0,0 
05.07.2022,0,0,0,0,0,0,0,0,0 
06.07.2022,0,0,0,0,0,0,0,0,0 
07.07.2022,0,0,0,0,0,0,0,0,0 
08.07.2022,0,0,0,0,0,0,0,0,0 
09.07.2022,0,0,0,0,0,0,0,0,0 
10.07.2022,0,0,0,0,0,0,0,0,0 
11.07.2022,0,0,0,0,0,0,0,0,0 
12.07.2022,0,0,0,0,0,0,0,0,0 
13.07.2022,0,0,0,0,0,0,0,0,0 
14.07.2022,0,0,0,0,0,0,0,0,0 
15.07.2022,0,0,0,0,0,0,0,0,0 
16.07.2022,0,0,0,0,0,0,0,0,0 
17.07.2022,0,0,0,0,0,0,0,0,0 
18.07.2022,0,0,0,0,0,0,0,0,0 
19.07.2022,0,0,0,0,0,0,0,0,0 
20.07.2022,0,0,0,0,0,0,0,0,0 
21.07.2022,0,0,0,0,0,0,0,0,0 
22.07.2022,0,0,0,0,0,0,0,0,0 
23.07.2022,0,0,0,0,0,0,0,0,0 
24.07.2022,0,0,0,0,0,0,0,0,0 
25.07.2022,0,0,0,0,0,0,0,0,0 
26.07.2022,0,0,0,0,0,0,0,0,0 
27.07.2022,0,0,0,0,0,0,0,0,0 
28.07.2022,0,0,0,0,0,0,0,0,0 
29.07.2022,0,0,0,0,0,0,0,0,0 
30.07.2022,0,0,0,0,0,0,0,0,0 
31.07.2022,0,0,0,0,0,0,0,0,0 
01.08.2022,0,0,0,0,0,0,0,0,0 
02.08.2022,0,0,0,0,0,0,0,0,0 
03.08.2022,0,0,0,0,0,0,0,0,0 
04.08.2022,0,0,0,0,0,0,0,0,0 
05.08.2022,0,0,0,0,0,0,0,0,0 
06.08.2022,0,0,0,0,0,0,0,0,0 
07.08.2022,0,0,0,0,0,0,0,0,0 
08.08.2022,0,0,0,0,0,0,0,0,0 
09.08.2022,0,0,0,0,0,0,0,0,0 
10.08.2022,0,0,0,0,0,0,0,0,0 
11.08.2022,0,0,0,0,0,0,0,0,0 
12.08.2022,0,0,0,0,0,0,0,0,0 
13.08.2022,0,0,0,0,0,0,0,0,0 
14.08.2022,0,0,0,0,0,0,0,0,0 
15.08.2022,0,0,0,0,0,0,0,0,0 
16.08.2022,0,0,0,0,0,0,0,0,0 
17.08.2022,0,0,0,0,0,0,0,0,0 
18.08.2022,0,0,0,0,0,0,0,0,0 
19.08.2022,0,0,0,0,0,0,0,0,0 
20.08.2022,0,0,0,0,0,0,0,0,0 
21.08.2022,0,0,0,0,0,0,0,0,0 
22.08.2022,0,0,0,0,0,0,0,0,0 
23.08.2022,0,0,0,0,0,0,0,0,0 
24.08.2022,0,0,0,0,0,0,0,0,0 
25.08.2022,0,0,0,0,0,0,0,0,0 
26.08.2022,0,0,0,0,0,0,0,0,0 
27.08.2022,0,0,0,0,0,0,0,0,0 
28.08.2022,0,0,0,0,0,0,0,0,0 
29.08.2022,0,0,0,0,0,0,0,0,0 
30.08.2022,0,0,0,0,0,0,0,0,0 
31.08.2022,0,0,0,0,0,0,0,0,0 
01.09.2022,0,0,0,0,0,0,0,0,0 
02.09.2022,0,0,0,0,0,0,0,0,0 
03.09.2022,0,0,0,0,0,0,0,0,0 
04.09.2022,0,0,0,0,0,0,0,0,0 
05.09.2022,0,0,0,0,0,0,0,0,0 
06.09.2022,0,0,0,0,0,0,0,0,0 
07.09.2022,0,0,0,0,0,0,0,0,0 
08.09.2022,0,0,0,0,0,0,0,0,0 
09.09.2022,0,0,0,0,0,0,0,0,0 
10.09.2022,0,0,0,0,0,0,0,0,0 
11.09.2022,0,0,0,0,0,0,0,0,0 
12.09.2022,0,0,0,0,0,0,0,0,0 
13.09.2022,0,0,0,0,0,0,0,0,0 
14.09.2022,0,0,0,0,0,0,0,0,0 
15.09.2022,0,0,0,0,0,0,0,0,0 
16.09.2022,0,0,0,0,0,0,0,0,0 
17.09.2022,0,0,0,0,0,0,0,0,0 
18.09.2022,0,0,0,0,0,0,0,0,0 
19.09.2022,0,0,0,0,0,0,0,0,0 
20.09.2022,0,0,0,0,0,0,0,0,0 
21.09.2022,0,0,0,0,0,0,0,0,0 
22.09.2022,0,0,0,0,0,0,0,0,0 
23.09.2022,0,0,0,0,0,0,0,0,0 
24.09.2022,0,0,0,0,0,0,0,0,0 
25.09.2022,0,0,0,0,0,0,0,0,0 
26.09.2022,0,0,0,0,0,0,0,0,0 
27.09.2022,0,0,0,0,0,0,0,0,0 
28.09.2022,0,0,0,0,0,0,0,0,0 
29.09.2022,0,0,0,0,0,0,0,0,0 
30.09.2022,0,0,0,0,0,0,0,0,0 
01.10.2022,0,0,0,0,0,0,0,0,0 
02.10.2022,0,0,0,0,0,0,0,0,0 
03.10.2022,0,0,0,0,0,0,0,0,0 
04.10.2022,0,0,0,0,0,0,0,0,0 
05.10.2022,0,0,0,0,0,0,0,0,0 
06.10.2022,0,0,0,0,0,0,0,0,0 
07.10.2022,0,0,0,0,0,0,0,0,0 
08.10.2022,0,0,0,0,0,0,0,0,0 
09.10.2022,0,0,0,0,0,0,0,0,0 
10.10.2022,0,0,0,0,0,0,0,0,0 
11.10.2022,0,0,0,0,0,0,0,0,0 
12.10.2022,0,0,0,0,0,0,0,0,0 
13.10.2022,0,0,0,0,0,0,0,0,0 
14.10.2022,0,0,0,0,0,0,0,0,0 
15.10.2022,0,0,0,0,0,0,0,0,0 
16.10.2022,0,0,0,0,0,0,0,0,0 
17.10.2022,0,0,0,0,0,0,0,0,0 
18.10.2022,0,0,0,0,0,0,0,0,0 
19.10.2022,0,0,0,0,0,0,0,0,0 
20.10.2022,0,0,0,0,0,0,0,0,0 
21.10.2022,0,0,0,0,0,0,0,0,0 
22.10.2022,0,0,0,0,0,0,0,0,0 
23.10.2022,0,0,0,0,0,0,0,0,0 
24.10.2022,0,0,0,0,0,0,0,0,0 
25.10.2022,0,0,0,0,0,0,0,0,0 
26.10.2022,0,0,0,0,0,0,0,0,0 
27.10.2022,0,0,0,0,0,0,0,0,0 
28.10.2022,0,0,0,0,0,0,0,0,0 
29.10.2022,0,0,0,0,0,0,0,0,0 
30.10.2022,0,0,0,0,0,0,0,0,0 
31.10.2022,0,0,0,0,0,0,0,0,0 
01.11.2022,0,0,0,0,0,0,0,0,0 
02.11.2022,0,0,0,0,0,0,0,0,0 
03.11.2022,0,0,0,0,0,0,0,0,0 
04.11.2022,0,0,0,0,0,0,0,0,0 
05.11.2022,0,0,0,0,0,0,0,0,0 
06.11.2022,0,0,0,0,0,0,0,0,0 
07.11.2022,0,0,0,0,0,0,0,0,0 
08.11.2022,0,0,0,0,0,0,0,0,0 
09.11.2022,0,0,0,0,0,0,0,0,0 
10.11.2022,0,0,0,0,0,0,0,0,0 
11.11.2022,0,0,0,0,0,0,0,0,0 
12.11.2022,0,0,0,0,0,0,0,0,0 
13.11.2022,0,0,0,0,0,0,0,0,0 
14.11.2022,0,0,0,0,0,0,0,0,0 
15.11.2022,0,0,0,0,0,0,0,0,0 
16.11.2022,0,0,0,0,0,0,0,0,0 
17.11.2022,0,0,0,0,0,0,0,0,0 
18.11.2022,0,0,0,0,0,0,0,0,0 
19.11.2022,0,0,0,0,0,0,0,0,0 
20.11.2022,0,0,0,0,0,0,0,0,0 
21.11.2022,0,0,0,0,0,0,0,0,0 
22.11.2022,0,0,0,0,0,0,0,0,0 
23.11.2022,0,0,0,0,0,0,0,0,0 
24.11.2022,0,0,0,0,0,0,0,0,0 
25.11.2022,0,0,0,0,0,0,0,0,0 
26.11.2022,0,0,0,0,0,0,0,0,0 
27.11.2022,0,0,0,0,0,0,0,0,0 
28.11.2022,0,0,0,0,0,0,0,0,0 
29.11.2022,0,0,0,0,0,0,0,0,0 
30.11.2022,0,0,0,0,0,0,0,0,0 
01.12.2022,0,0,0,0,0,0,0,0,0 
02.12.2022,0,0,0,0,0,0,0,0,0 
03.12.2022,0,0,0,0,0,0,0,0,0 
04.12.2022,0,0,0,0,0,0,0,0,0 
05.12.2022,0,0,0,0,0,0,0,0,0 
06.12.2022,0,0,0,0,0,0,0,0,0 
07.12.2022,0,0,0,0,0,0,0,0,0 
08.12.2022,0,0,0,0,0,0,0,0,0 
09.12.2022,0,0,0,0,0,0,0,0,0 
10.12.2022,0,0,0,0,0,0,0,0,0 
11.12.2022,0,0,0,0,0,0,0,0,0 
12.12.2022,0,0,0,0,0,0,0,0,0 
13.12.2022,0,0,0,0,0,0,0,0,0 
14.12.2022,0,0,0,0,0,0,0,0,0 
15.12.2022,0,0,0,0,0,0,0,0,0 
16.12.2022,0,0,0,0,0,0,0,0,0 
17.12.2022,0,0,0,0,0,0,0,0,0 
18.12.2022,0,0,0,0,0,0,0,0,0 
19.12.2022,0,0,0,0,0,0,0,0,0 
20.12.2022,0,0,0,0,0,0,0,0,0 
21.12.2022,0,0,0,0,0,0,0,0,0 
22.12.2022,0,0,0,0,0,0,0,0,0 
23.12.2022,0,0,0,0,0,0,0,0,0 
24.12.2022,0,0,0,0,0,0,0,0,0 
25.12.2022,0,0,0,0,0,0,0,0,0 
26.12.2022,0,0,0,0,0,0,0,0,0 
27.12.2022,0,0,0,0,0,0,0,0,0 
28.12.2022,0,0,0,0,0,0,0,0,0 
29.12.2022,0,0,0,0,0,0,0,0,0 
30.12.2022,0,0,0,0,0,0,0,0,0 
31.12.2022,0,0,0,0,0,0,0,0,0 
01.01.2023,0,0,0,0,0,0,0,0,0 
02.01.2023,0,0,0,0,0,0,0,0,0 
03.01.2023,0,0,0,0,0,0,0,0,0 
04.01.2023,0,0,0,0,0,0,0,0,0 
05.01.2023,0,0,0,0,0,0,0,0,0 
06.01.2023,0,0,0,0,0,0,0,0,0 
07.01.2023,0,0,0,0,0,0,0,0,0 
08.01.2023,0,0,0,0,0,0,0,0,0 
09.01.2023,0,0,0,0,0,0,0,0,0 
10.01.2023,0,0,0,0,0,0,0,0,0 
11.01.2023,0,0,0,0,0,0,0,0,0 
12.01.2023,0,0,0,0,0,0,0,0,0 
13.01.2023,0,0,0,0,0,0,0,0,0 
14.01.2023,0,0,0,0,0,0,0,0,0 
15.01.2023,0,0,0,0,0,0,0,0,0 
16.01.2023,0,0,0,0,0,0,0,0,0 
17.01.2023,0,0,0,0,0,0,0,0,0 
18.01.2023,0,0,0,0,0,0,0,0,0 
19.01.2023,0,0,0,0,0,0,0,0,0 
20.01.2023,0,0,0,0,0,0,0,0,0 
21.01.2023,0,0,0,0,0,0,0,0,0 
22.01.2023,0,0,0,0,0,0,0,0,0 
23.01.2023,0,0,0,0,0,0,0,0,0 
24.01.2023,0,0,0,0,0,0,0,0,0 
25.01.2023,0,0,0,0,0,0,0,0,0 
26.01.2023,0,0,0,0,0,0,0,0,0 
27.01.2023,0,0,0,0,0,0,0,0,0 
28.01.2023,0,0,0,0,0,0,0,0,0 
29.01.2023,0,0,0,0,0,0,0,0,0 
30.01.2023,0,0,0,0,0,0,0,0,0 
31.01.2023,0,0,0,0,0,0,0,0,0 
01.02.2023,0,0,0,0,0,0,0,0,0 
02.02.2023,0,0,0,0,0,0,0,0,0 
03.02.2023,0,0,0,0,0,0,0,0,0 
04.02.2023,0,0,0,0,0,0,0,0,0 
05.02.2023,0,0,0,0,0,0,0,0,0 
06.02.2023,0,0,0,0,0,0,0,0,0 
07.02.2023,0,0,0,0,0,0,0,0,0 
08.02.2023,0,0,0,0,0,0,0,0,0 
09.02.2023,0,0,0,0,0,0,0,0,0 
10.02.2023,0,0,0,0,0,0,0,0,0 
11.02.2023,0,0,0,0,0,0,0,0,0 
12.02.2023,0,0,0,0,0,0,0,0,0 
13.02.2023,0,0,0,0,0,0,0,0,0 
14.02.2023,0,0,0,0,0,0,0,0,0 
15.02.2023,0,0,0,0,0,0,0,0,0 
16.02.2023,0,0,0,0,0,0,0,0,0 
17.02.2023,0,0,0,0,0,0,0,0,0 
18.02.2023,0,0,0,0,0,0,0,0,0 
19.02.2023,0,0,0,0,0,0,0,0,0 
20.02.2023,0,0,0,0,0,0,0,0,0 
21.02.2023,0,0,0,0,0,0,0,0,0 
22.02.2023,0,0,0,0,0,0,0,0,0 
23.02.2023,0,0,0,0,0,0,0,0,0 
24.02.2023,0,0,0,0,0,0,0,0,0 
25.02.2023,0,0,0,0,0,0,0,0,0 
26.02.2023,0,0,0,0,0,0,0,0,0 
27.02.2023,0,0,0,0,0,0,0,0,0 
28.02.2023,0,0,0,0,0,0,0,0,0 
01.03.2023,0,0,0,0,0,0,0,0,0 
02.03.2023,0,0,0,0,0,0,0,0,0 
03.03.2023,0,0,0,0,0,0,0,0,0 
04.03.2023,0,0,0,0,0,0,0,0,0 
05.03.2023,0,0,0,0,0,0,0,0,0 
06.03.2023,0,0,0,0,0,0,0,0,0 
07.03.2023,0,0,0,0,0,0,0,0,0 
08.03.2023,0,0,0,0,0,0,0,0,0 
09.03.2023,0,0,0,0,0,0,0,0,0 
10.03.2023,0,0,0,0,0,0,0,0,0 
11.03.2023,0,0,0,0,0,0,0,0,0 
12.03.2023,0,0,0,0,0,0,0,0,0 
13.03.2023,0,0,0,0,0,0,0,0,0 
14.03.2023,0,0,0,0,0,0,0,0,0 
15.03.2023,0,0,0,0,0,0,0,0,0 
16.03.2023,0,0,0,0,0,0,0,0,0 
17.03.2023,0,0,0,0,0,0,0,0,0 
18.03.2023,0,0,0,0,0,0,0,0,0 
19.03.2023,0,0,0,0,0,0,0,0,0 
20.03.2023,0,0,0,0,0,0,0,0,0 
21.03.2023,0,0,0,0,0,0,0,0,0 
22.03.2023,0,0,0,0,0,0,0,0,0 
23.03.2023,0,0,0,0,0,0,0,0,0 
24.03.2023,0,0,0,0,0,0,0,0,0 
25.03.2023,0,0,0,0,0,0,0,0,0 
26.03.2023,0,0,0,0,0,0,0,0,0 
27.03.2023,0,0,0,0,0,0,0,0,0 
28.03.2023,0,0,0,0,0,0,0,0,0 
29.03.2023,0,0,0,0,0,0,0,0,0 
30.03.2023,0,0,0,0,0,0,0,0,0 
31.03.2023,0,0,0,0,0,0,0,0,0 
01.04.2023,0,0,0,0,0,0,0,0,0 
02.04.2023,0,0,0,0,0,0,0,0,0 
03.04.2023,0,0,0,0,0,0,0,0,0 
04.04.2023,0,0,0,0,0,0,0,0,0 
05.04.2023,0,0,0,0,0,0,0,0,0 
06.04.2023,0,0,0,0,0,0,0,0,0 
07.04.2023,0,0,0,0,0,0,0,0,0 
08.04.2023,0,0,0,0,0,0,0,0,0 
09.04.2023,0,0,0,0,0,0,0,0,0 
10.04.2023,0,0,0,0,0,0,0,0,0 
11.04.2023,0,0,0,0,0,0,0,0,0 
12.04.2023,0,0,0,0,0,0,0,0,0 
13.04.2023,0,0,0,0,0,0,0,0,0 
14.04.2023,0,0,0,0,0,0,0,0,0 
15.04.2023,0,0,0,0,0,0,0,0,0 
16.04.2023,0,0,0,0,0,0,0,0,0 
17.04.2023,0,0,0,0,0,0,0,0,0 
18.04.2023,0,0,0,0,0,0,0,0,0 
19.04.2023,0,0,0,0,0,0,0,0,0 
20.04.2023,0,0,0,0,0,0,0,0,0 
21.04.2023,0,0,0,0,0,0,0,0,0 
22.04.2023,0,0,0,0,0,0,0,0,0 
23.04.2023,0,0,0,0,0,0,0,0,0 
24.04.2023,0,0,0,0,0,0,0,0,0 
25.04.2023,0,0,0,0,0,0,0,0,0 
26.04.2023,0,0,0,0,0,0,0,0,0 
27.04.2023,0,0,0,0,0,0,0,0,0 
28.04.2023,0,0,0,0,0,0,0,0,0 
29.04.2023,0,0,0,0,0,0,0,0,0 
30.04.2023,0,0,0,0,0,0,0,0,0 
01.05.2023,0,0,0,0,0,0,0,0,0 
02.05.2023,0,0,0,0,0,0,0,0,0 
03.05.2023,0,0,0,0,0,0,0,0,0 
04.05.2023,0,0,0,0,0,0,0,0,0 
05.05.2023,0,0,0,0,0,0,0,0,0 
06.05.2023,0,0,0,0,0,0,0,0,0 
07.05.2023,0,0,0,0,0,0,0,0,0 
08.05.2023,0,0,0,0,0,0,0,0,0 
09.05.2023,0,0,0,0,0,0,0,0,0 
10.05.2023,0,0,0,0,0,0,0,0,0 
11.05.2023,0,0,0,0,0,0,0,0,0 
12.05.2023,0,0,0,0,0,0,0,0,0 
13.05.2023,0,0,0,0,0,0,0,0,0 
14.05.2023,0,0,0,0,0,0,0,0,0 
15.05.2023,0,0,0,0,0,0,0,0,0 
16.05.2023,0,0,0,0,0,0,0,0,0 
17.05.2023,0,0,0,0,0,0,0,0,0 
18.05.2023,0,0,0,0,0,0,0,0,0 
19.05.2023,0,0,0,0,0,0,0,0,0 
20.05.2023,0,0,0,0,0,0,0,0,0 
21.05.2023,0,0,0,0,0,0,0,0,0 
22.05.2023,0,0,0,0,0,0,0,0,0 
23.05.2023,0,0,0,0,0,0,0,0,0 
24.05.2023,0,0,0,0,0,0,0,0,0 
25.05.2023,0,0,0,0,0,0,0,0,0 
26.05.2023,0,0,0,0,0,0,0,0,0 
27.05.2023,0,0,0,0,0,0,0,0,0 
28.05.2023,0,0,0,0,0,0,0,0,0 
29.05.2023,0,0,0,0,0,0,0,0,0 
30.05.2023,0,0,0,0,0,0,0,0,0 
31.05.2023,0,0,0,0,0,0,0,0,0 
01.06.2023,0,0,0,0,0,0,0,0,0 
02.06.2023,0,0,0,0,0,0,0,0,0 
03.06.2023,0,0,0,0,0,0,0,0,0 
04.06.2023,0,0,0,0,0,0,0,0,0 
05.06.2023,0,0,0,0,0,0,0,0,0 
06.06.2023,0,0,0,0,0,0,0,0,0 
07.06.2023,0,0,0,0,0,0,0,0,0 
08.06.2023,0,0,0,0,0,0,0,0,0 
09.06.2023,0,0,0,0,0,0,0,0,0 
10.06.2023,0,0,0,0,0,0,0,0,0 
11.06.2023,0,0,0,0,0,0,0,0,0 
12.06.2023,0,0,0,0,0,0,0,0,0 
13.06.2023,0,0,0,0,0,0,0,0,0 
14.06.2023,0,0,0,0,0,0,0,0,0 
15.06.2023,0,0,0,0,0,0,0,0,0 
16.06.2023,0,0,0,0,0,0,0,0,0 
17.06.2023,0,0,0,0,0,0,0,0,0 
18.06.2023,0,0,0,0,0,0,0,0,0 
19.06.2023,0,0,0,0,0,0,0,0,0 
20.06.2023,0,0,0,0,0,0,0,0,0 
21.06.2023,0,0,0,0,0,0,0,0,0 
22.06.2023,0,0,0,0,0,0,0,0,0 
23.06.2023,0,0,0,0,0,0,0,0,0 
24.06.2023,0,0,0,0,0,0,0,0,0 
25.06.2023,0,0,0,0,0,0,0,0,0 
26.06.2023,0,0,0,0,0,0,0,0,0 
27.06.2023,0,0,0,0,0,0,0,0,0 
28.06.2023,0,0,0,0,0,0,0,0,0 
29.06.2023,0,0,0,0,0,0,0,0,0 
30.06.2023,0,0,0,0,0,0,0,0,0 
01.07.2023,0,0,0,0,0,0,0,0,0 
02.07.2023,0,0,0,0,0,0,0,0,0 
03.07.2023,0,0,0,0,0,0,0,0,0 
04.07.2023,0,0,0,0,0,0,0,0,0 
05.07.2023,0,0,0,0,0,0,0,0,0 
06.07.2023,0,0,0,0,0,0,0,0,0 
07.07.2023,0,0,0,0,0,0,0,0,0 
08.07.2023,0,0,0,0,0,0,0,0,0 
09.07.2023,0,0,0,0,0,0,0,0,0 
10.07.2023,0,0,0,0,0,0,0,0,0 
11.07.2023,0,0,0,0,0,0,0,0,0 
12.07.2023,0,0,0,0,0,0,0,0,0 
13.07.2023,0,0,0,0,0,0,0,0,0 
14.07.2023,0,0,0,0,0,0,0,0,0 
15.07.2023,0,0,0,0,0,0,0,0,0 
16.07.2023,0,0,0,0,0,0,0,0,0 
17.07.2023,0,0,0,0,0,0,0,0,0 
18.07.2023,0,0,0,0,0,0,0,0,0 
19.07.2023,0,0,0,0,0,0,0,0,0 
20.07.2023,0,0,0,0,0,0,0,0,0 
21.07.2023,0,0,0,0,0,0,0,0,0 
22.07.2023,0,0,0,0,0,0,0,0,0 
23.07.2023,0,0,0,0,0,0,0,0,0 
24.07.2023,0,0,0,0,0,0,0,0,0 
25.07.2023,0,0,0,0,0,0,0,0,0 
26.07.2023,0,0,0,0,0,0,0,0,0 
27.07.2023,0,0,0,0,0,0,0,0,0 
28.07.2023,0,0,0,0,0,0,0,0,0 
29.07.2023,0,0,0,0,0,0,0,0,0 
30.07.2023,0,0,0,0,0,0,0,0,0 
31.07.2023,0,0,0,0,0,0,0,0,0 
01.08.2023,0,0,0,0,0,0,0,0,0 
02.08.2023,0,0,0,0,0,0,0,0,0 
03.08.2023,0,0,0,0,0,0,0,0,0 
04.08.2023,0,0,0,0,0,0,0,0,0 
05.08.2023,0,0,0,0,0,0,0,0,0 
06.08.2023,0,0,0,0,0,0,0,0,0 
07.08.2023,0,0,0,0,0,0,0,0,0 
08.08.2023,0,0,0,0,0,0,0,0,0 
09.08.2023,0,0,0,0,0,0,0,0,0 
10.08.2023,0,0,0,0,0,0,0,0,0 
11.08.2023,0,0,0,0,0,0,0,0,0 
12.08.2023,0,0,0,0,0,0,0,0,0 
13.08.2023,0,0,0,0,0,0,0,0,0 
14.08.2023,0,0,0,0,0,0,0,0,0 
15.08.2023,0,0,0,0,0,0,0,0,0 
16.08.2023,0,0,0,0,0,0,0,0,0 
17.08.2023,0,0,0,0,0,0,0,0,0 
18.08.2023,0,0,0,0,0,0,0,0,0 
19.08.2023,0,0,0,0,0,0,0,0,0 
20.08.2023,0,0,0,0,0,0,0,0,0 
21.08.2023,0,0,0,0,0,0,0,0,0 
22.08.2023,0,0,0,0,0,0,0,0,0 
23.08.2023,0,0,0,0,0,0,0,0,0 
24.08.2023,0,0,0,0,0,0,0,0,0 
25.08.2023,0,0,0,0,0,0,0,0,0 
26.08.2023,0,0,0,0,0,0,0,0,0 
27.08.2023,0,0,0,0,0,0,0,0,0 
28.08.2023,0,0,0,0,0,0,0,0,0 
29.08.2023,0,0,0,0,0,0,0,0,0 
30.08.2023,0,0,0,0,0,0,0,0,0 
31.08.2023,0,0,0,0,0,0,0,0,0 
01.09.2023,0,0,0,0,0,0,0,0,0 
02.09.2023,0,0,0,0,0,0,0,0,0 
03.09.2023,0,0,0,0,0,0,0,0,0 
04.09.2023,0,0,0,0,0,0,0,0,0 
05.09.2023,0,0,0,0,0,0,0,0,0 
06.09.2023,0,0,0,0,0,0,0,0,0 
07.09.2023,0,0,0,0,0,0,0,0,0 
08.09.2023,0,0,0,0,0,0,0,0,0 
09.09.2023,0,0,0,0,0,0,0,0,0 
10.09.2023,0,0,0,0,0,0,0,0,0 
11.09.2023,0,0,0,0,0,0,0,0,0 
12.09.2023,0,0,0,0,0,0,0,0,0 
13.09.2023,0,0,0,0,0,0,0,0,0 
14.09.2023,0,0,0,0,0,0,0,0,0 
15.09.2023,0,0,0,0,0,0,0,0,0 
16.09.2023,0,0,0,0,0,0,0,0,0 
17.09.2023,0,0,0,0,0,0,0,0,0 
18.09.2023,0,0,0,0,0,0,0,0,0 
19.09.2023,0,0,0,0,0,0,0,0,0 
20.09.2023,0,0,0,0,0,0,0,0,0 
21.09.2023,0,0,0,0,0,0,0,0,0 
22.09.2023,0,0,0,0,0,0,0,0,0 
23.09.2023,0,0,0,0,0,0,0,0,0 
24.09.2023,0,0,0,0,0,0,0,0,0 
25.09.2023,0,0,0,0,0,0,0,0,0 
26.09.2023,0,0,0,0,0,0,0,0,0 
27.09.2023,0,0,0,0,0,0,0,0,0 
28.09.2023,0,0,0,0,0,0,0,0,0 
29.09.2023,0,0,0,0,0,0,0,0,0 
30.09.2023,0,0,0,0,0,0,0,0,0 
01.10.2023,0,0,0,0,0,0,0,0,0 
02.10.2023,0,0,0,0,0,0,0,0,0 
03.10.2023,0,0,0,0,0,0,0,0,0 
04.10.2023,0,0,0,0,0,0,0,0,0 
05.10.2023,0,0,0,0,0,0,0,0,0 
06.10.2023,0,0,0,0,0,0,0,0,0 
07.10.2023,0,0,0,0,0,0,0,0,0 
08.10.2023,0,0,0,0,0,0,0,0,0 
09.10.2023,0,0,0,0,0,0,0,0,0 
10.10.2023,0,0,0,0,0,0,0,0,0 
11.10.2023,0,0,0,0,0,0,0,0,0 
12.10.2023,0,0,0,0,0,0,0,0,0 
13.10.2023,0,0,0,0,0,0,0,0,0 
14.10.2023,0,0,0,0,0,0,0,0,0 
15.10.2023,0,0,0,0,0,0,0,0,0 
16.10.2023,0,0,0,0,0,0,0,0,0 
17.10.2023,0,0,0,0,0,0,0,0,0 
18.10.2023,0,0,0,0,0,0,0,0,0 
19.10.2023,0,0,0,0,0,0,0,0,0 
20.10.2023,0,0,0,0,0,0,0,0,0 
21.10.2023,0,0,0,0,0,0,0,0,0 
22.10.2023,0,0,0,0,0,0,0,0,0 
23.10.2023,0,0,0,0,0,0,0,0,0 
24.10.2023,0,0,0,0,0,0,0,0,0 
25.10.2023,0,0,0,0,0,0,0,0,0 
26.10.2023,0,0,0,0,0,0,0,0,0 
27.10.2023,0,0,0,0,0,0,0,0,0 
28.10.2023,0,0,0,0,0,0,0,0,0 
29.10.2023,0,0,0,0,0,0,0,0,0 
30.10.2023,0,0,0,0,0,0,0,0,0 
31.10.2023,0,0,0,0,0,0,0,0,0 
01.11.2023,0,0,0,0,0,0,0,0,0 
02.11.2023,0,0,0,0,0,0,0,0,0 
03.11.2023,0,0,0,0,0,0,0,0,0 
04.11.2023,0,0,0,0,0,0,0,0,0 
05.11.2023,0,0,0,0,0,0,0,0,0 
06.11.2023,0,0,0,0,0,0,0,0,0 
07.11.2023,0,0,0,0,0,0,0,0,0 
08.11.2023,0,0,0,0,0,0,0,0,0 
09.11.2023,0,0,0,0,0,0,0,0,0 
10.11.2023,0,0,0,0,0,0,0,0,0 
11.11.2023,0,0,0,0,0,0,0,0,0 
12.11.2023,0,0,0,0,0,0,0,0,0 
13.11.2023,0,0,0,0,0,0,0,0,0 
14.11.2023,0,0,0,0,0,0,0,0,0 
15.11.2023,0,0,0,0,0,0,0,0,0 
16.11.2023,0,0,0,0,0,0,0,0,0 
17.11.2023,0,0,0,0,0,0,0,0,0 
18.11.2023,0,0,0,0,0,0,0,0,0 
19.11.2023,0,0,0,0,0,0,0,0,0 
20.11.2023,0,0,0,0,0,0,0,0,0 
21.11.2023,0,0,0,0,0,0,0,0,0 
22.11.2023,0,0,0,0,0,0,0,0,0 
23.11.2023,0,0,0,0,0,0,0,0,0 
24.11.2023,0,0,0,0,0,0,0,0,0 
25.11.2023,0,0,0,0,0,0,0,0,0 
26.11.2023,0,0,0,0,0,0,0,0,0 
27.11.2023,0,0,0,0,0,0,0,0,0 
28.11.2023,0,0,0,0,0,0,0,0,0 
29.11.2023,0,0,0,0,0,0,0,0,0 
30.11.2023,0,0,0,0,0,0,0,0,0 
01.12.2023,0,0,0,0,0,0,0,0,0 
02.12.2023,0,0,0,0,0,0,0,0,0 
03.12.2023,0,0,0,0,0,0,0,0,0 
04.12.2023,0,0,0,0,0,0,0,0,0 
05.12.2023,0,0,0,0,0,0,0,0,0 
06.12.2023,0,0,0,0,0,0,0,0,0 
07.12.2023,0,0,0,0,0,0,0,0,0 
08.12.2023,0,0,0,0,0,0,0,0,0 
09.12.2023,0,0,0,0,0,0,0,0,0 
10.12.2023,0,0,0,0,0,0,0,0,0 
11.12.2023,0,0,0,0,0,0,0,0,0 
12.12.2023,0,0,0,0,0,0,0,0,0 
13.12.2023,0,0,0,0,0,0,0,0,0 
14.12.2023,0,0,0,0,0,0,0,0,0 
15.12.2023,0,0,0,0,0,0,0,0,0 
16.12.2023,0,0,0,0,0,0,0,0,0 
17.12.2023,0,0,0,0,0,0,0,0,0 
18.12.2023,0,0,0,0,0,0,0,0,0 
19.12.2023,0,0,0,0,0,0,0,0,0 
20.12.2023,0,0,0,0,0,0,0,0,0 
21.12.2023,0,0,0,0,0,0,0,0,0 
22.12.2023,0,0,0,0,0,0,0,0,0 
23.12.2023,0,0,0,0,0,0,0,0,0 
24.12.2023,0,0,0,0,0,0,0,0,0 
25.12.2023,0,0,0,0,0,0,0,0,0 
26.12.2023,0,0,0,0,0,0,0,0,0 
27.12.2023,0,0,0,0,0,0,0,0,0 
28.12.2023,0,0,0,0,0,0,0,0,0 
29.12.2023,0,0,0,0,0,0,0,0,0 
30.12.2023,0,0,0,0,0,0,0,0,0 
31.12.2023,0,0,0,0,0,0,0,0,0 
01.01.2024,0,0,0,0,0,0,0,0,0 
02.01.2024,0,0,0,0,0,0,0,0,0 
03.01.2024,0,0,0,0,0,0,0,0,0 
04.01.2024,0,0,0,0,0,0,0,0,0 
05.01.2024,0,0,0,0,0,0,0,0,0 
06.01.2024,0,0,0,0,0,0,0,0,0 
07.01.2024,0,0,0,0,0,0,0,0,0 
08.01.2024,0,0,0,0,0,0,0,0,0 
09.01.2024,0,0,0,0,0,0,0,0,0 
10.01.2024,0,0,0,0,0,0,0,0,0 
11.01.2024,0,0,0,0,0,0,0,0,0 
12.01.2024,0,0,0,0,0,0,0,0,0 
13.01.2024,0,0,0,0,0,0,0,0,0 
14.01.2024,0,0,0,0,0,0,0,0,0 
15.01.2024,0,0,0,0,0,0,0,0,0 
16.01.2024,0,0,0,0,0,0,0,0,0 
17.01.2024,0,0,0,0,0,0,0,0,0 
18.01.2024,0,0,0,0,0,0,0,0,0 
19.01.2024,0,0,0,0,0,0,0,0,0 
20.01.2024,0,0,0,0,0,0,0,0,0 
21.01.2024,0,0,0,0,0,0,0,0,0 
22.01.2024,0,0,0,0,0,0,0,0,0 
23.01.2024,0,0,0,0,0,0,0,0,0 
24.01.2024,0,15,0,8,0,0,0,0,0 
25.01.2024,0,0,0,2,0,0,0,0,0 
26.01.2024,0,0,0,0,0,0,0,0,0 
27.01.2024,0,0,0,0,0,0,0,0,0 
28.01.2024,0,0,0,0,0,0,0,0,0 
29.01.2024,0,0,0,0,0,0,0,0,0 
30.01.2024,0,0,0,0,0,0,0,0,0 
31.01.2024,0,0,0,0,0,0,0,0,0 
01.02.2024,0,23,0,0,0,0,0,0,0 
02.02.2024,6,4,7,0,0,0,0,0,0 
03.02.2024,1,3,3,1,0,0,0,0,0 
04.02.2024,0,0,0,0,0,0,0,0,0 
05.02.2024,0,0,0,0,0,0,0,0,0 
06.02.2024,0,0,0,0,0,0,0,0,0 
07.02.2024,0,1,13,0,0,0,0,0,0 
08.02.2024,2,2,0,0,0,0,0,0,0 
09.02.2024,1,0,0,0,0,0,0,0,0 
10.02.2024,4,3,2,0,0,0,0,0,0 
11.02.2024,1,1,0,0,0,0,0,0,0 
12.02.2024,0,0,0,0,0,0,0,0,0 
13.02.2024,0,1,0,0,0,0,0,0,0 
14.02.2024,0,1,2,0,0,0,0,0,0 
15.02.2024,0,1,0,0,0,0,0,0,0 
16.02.2024,3,1,2,0,0,0,0,0,0 
17.02.2024,0,0,0,0,0,0,0,0,0 
18.02.2024,0,0,0,0,0,0,0,0,0 
19.02.2024,0,0,0,0,0,0,0,0,0 
20.02.2024,0,0,0,0,0,0,0,0,0 
21.02.2024,2,1,2,18,0,0,0,0,0 
22.02.2024,0,0,1,1,0,0,0,0,0 
23.02.2024,2,0,8,8,0,0,0,0,0 
24.02.2024,0,0,0,0,0,0,0,0,0 
25.02.2024,0,0,0,0,0,0,0,0,1 
26.02.2024,0,0,0,0,0,0,0,0,0 
27.02.2024,0,0,0,0,0,0,0,0,0 
28.02.2024,0,0,0,0,0,0,0,0,0 
29.02.2024,0,0,0,0,0,0,0,0,0 
01.03.2024,0,0,0,0,0,0,0,0,0 
02.03.2024,0,0,0,0,0,0,0,0,0 
03.03.2024,0,0,0,0,0,0,0,0,0 
04.03.2024,0,0,0,0,0,0,0,0,0 
05.03.2024,0,0,0,0,0,0,0,0,0 
06.03.2024,0,0,0,0,0,0,0,0,0 
07.03.2024,0,0,0,0,0,0,0,0,0 
08.03.2024,0,0,0,0,0,0,0,0,0 
09.03.2024,0,0,0,1,0,0,0,0,0 
10.03.2024,1,4,4,0,0,0,0,1,0 
11.03.2024,0,0,0,0,0,0,0,0,0 
12.03.2024,0,0,0,0,0,0,0,0,0 
13.03.2024,0,0,0,0,0,0,0,0,0 
14.03.2024,0,0,0,0,0,0,0,0,0 
15.03.2024,0,0,0,0,0,0,0,0,0 
16.03.2024,0,0,0,0,0,0,0,0,0 
17.03.2024,0,0,0,0,0,0,0,0,0 
18.03.2024,0,0,0,0,0,0,0,0,0 
19.03.2024,0,0,0,0,0,0,0,0,0 
20.03.2024,0,0,0,0,0,0,0,0,0 
21.03.2024,0,0,0,0,0,0,0,0,0 
22.03.2024,0,1,0,0,0,0,0,0,0 
23.03.2024,0,0,0,0,0,0,0,0,0 
24.03.2024,0,0,0,0,0,0,0,0,0 
25.03.2024,0,0,0,0,0,0,0,0,0 
26.03.2024,0,0,0,0,0,0,0,0,0 
27.03.2024,0,0,0,0,0,0,0,0,0 
28.03.2024,0,0,0,0,0,0,0,0,0 
29.03.2024,0,0,0,0,0,0,0,0,0 
30.03.2024,0,0,0,0,0,0,0,0,0 
31.03.2024,0,0,0,0,0,0,0,0,0 
01.04.2024,0,0,0,1,0,0,0,0,0 
02.04.2024,0,0,0,0,0,0,0,0,0 
03.04.2024,0,0,0,0,0,0,0,0,0 
04.04.2024,0,0,0,0,0,0,0,0,0 
05.04.2024,0,0,0,0,0,0,0,0,0 
06.04.2024,0,0,0,0,1,0,0,0,0 
07.04.2024,0,0,0,0,0,0,0,0,0 
08.04.2024,0,0,0,0,0,0,0,0,0 
09.04.2024,0,0,0,0,0,0,0,0,0 
10.04.2024,0,0,0,0,0,0,0,0,0 
11.04.2024,0,0,0,0,0,0,0,0,0 
12.04.2024,0,0,0,0,0,0,0,0,0 
13.04.2024,2,0,1,2,0,0,0,9,0 
14.04.2024,0,0,0,0,0,0,0,0,0 
15.04.2024,0,0,0,0,0,0,0,0,0 
16.04.2024,0,0,0,0,0,0,0,0,0 
17.04.2024,0,0,0,0,0,0,0,0,0 
18.04.2024,0,0,0,0,0,0,0,0,0 
19.04.2024,0,0,0,0,0,0,0,0,0 
20.04.2024,0,0,0,1,0,0,0,0,0 
21.04.2024,3,0,0,0,0,0,0,0,0 
22.04.2024,0,0,0,0,0,0,0,0,0 
23.04.2024,0,0,0,0,0,0,0,0,0 
24.04.2024,0,0,0,0,0,0,0,0,0 
25.04.2024,4,0,0,0,0,0,0,0,0 
26.04.2024,0,0,0,0,0,0,0,0,0 
27.04.2024,0,0,0,0,0,0,0,0,0 
28.04.2024,0,2,0,1,0,0,0,0,0 
29.04.2024,0,0,0,0,0,0,0,0,0 
30.04.2024,0,0,0,0,0,0,0,0,0 
01.05.2024,0,0,0,0,0,0,0,0,0 
02.05.2024,0,0,0,0,0,0,0,1,1 
03.05.2024,0,12,10,0,0,0,0,0,0 
04.05.2024,0,0,0,0,0,0,0,0,0 
05.05.2024,0,2,0,0,0,0,0,0,1 
06.05.2024,0,0,0,0,0,0,0,0,0 
07.05.2024,0,0,0,0,0,0,0,0,0 
08.05.2024,0,0,0,0,0,0,0,0,0 
09.05.2024,0,9,0,0,0,0,0,7,0 
10.05.2024,0,1,0,0,0,0,0,2,0 
11.05.2024,0,0,1,0,0,0,0,0,0 
12.05.2024,1,1,9,18,0,0,0,0,0 
13.05.2024,0,0,0,0,0,0,0,0,0 
14.05.2024,0,0,0,0,0,0,0,0,0 
15.05.2024,0,0,0,0,0,0,0,0,0 
16.05.2024,0,0,1,1,0,0,0,0,0 
17.05.2024,0,0,0,0,0,0,0,0,0 
18.05.2024,0,0,0,0,0,0,0,0,0 
19.05.2024,0,0,0,0,0,0,0,0,0 
20.05.2024,0,0,0,0,0,0,0,0,0 
21.05.2024,0,0,0,0,0,0,0,0,0 
22.05.2024,0,0,0,0,0,0,0,0,0 
23.05.2024,0,0,0,0,0,0,0,0,0 
24.05.2024,0,0,0,0,0,0,0,0,0 
25.05.2024,0,0,0,0,0,0,0,1,0 
26.05.2024,0,0,0,0,0,0,0,0,0 
27.05.2024,0,0,0,0,0,0,0,0,0 
28.05.2024,0,0,0,0,0,0,0,0,0 
29.05.2024,0,0,0,0,0,0,0,0,0 
30.05.2024,0,0,0,0,0,0,0,0,0 
31.05.2024,0,0,0,0,0,0,0,0,0 
01.06.2024,0,0,0,0,0,0,0,0,0 
02.06.2024,0,0,0,0,0,0,0,0,0 
03.06.2024,0,0,0,0,0,0,0,0,0 
04.06.2024,0,0,0,0,0,0,0,0,0 
05.06.2024,0,0,0,0,0,0,0,0,0 
06.06.2024,0,0,0,0,0,0,0,0,0 
07.06.2024,0,0,0,0,0,0,0,0,0 
08.06.2024,0,0,0,0,0,0,0,0,0 
09.06.2024,0,0,0,0,0,0,0,0,0 
10.06.2024,0,0,0,0,0,0,0,0,0 
11.06.2024,0,0,0,0,0,0,0,0,0 
12.06.2024,0,0,0,0,0,0,0,0,0 
13.06.2024,0,0,0,0,0,0,0,0,0 
14.06.2024,0,0,0,0,0,0,0,0,0 
15.06.2024,0,0,0,0,0,0,0,0,0 
16.06.2024,0,0,0,0,0,0,0,0,0 
17.06.2024,0,0,0,0,0,0,0,0,0 
18.06.2024,0,0,0,0,0,0,0,0,0 
19.06.2024,0,0,0,0,0,0,0,0,0 
20.06.2024,0,0,0,0,0,0,0,0,0 
21.06.2024,0,0,0,0,0,0,0,0,0 
22.06.2024,0,0,0,0,0,0,0,0,0 
23.06.2024,0,0,0,0,0,0,0,0,0 
24.06.2024,0,0,0,0,0,0,0,0,0 
25.06.2024,0,0,0,0,0,0,0,0,0 
26.06.2024,0,0,0,0,0,0,0,0,0 
27.06.2024,0,0,0,0,0,0,0,0,0 
28.06.2024,0,0,0,0,0,0,0,0,0 
29.06.2024,0,0,0,0,0,0,0,0,0 
30.06.2024,0,0,0,0,0,0,0,0,0 
01.07.2024,0,1,0,0,0,0,0,0,0 
02.07.2024,0,0,0,0,0,0,0,0,0 
03.07.2024,0,0,0,0,0,0,0,0,0 
04.07.2024,0,0,0,0,0,0,0,0,0 
05.07.2024,0,0,0,0,0,0,0,1,0 
06.07.2024,0,1,0,0,0,0,0,0,0 
07.07.2024,0,1,0,0,0,0,0,0,0 
08.07.2024,0,0,0,0,0,0,0,1,0 
09.07.2024,0,0,0,0,0,0,0,0,0 
10.07.2024,0,0,0,0,0,0,0,0,0 
11.07.2024,0,0,0,0,0,0,0,0,2 
12.07.2024,0,6,1,0,0,0,0,3,0 
13.07.2024,0,15,0,1,0,0,0,1,1 
14.07.2024,4,7,1,0,0,0,0,1,1 
15.07.2024,0,0,2,0,0,0,0,0,0 
16.07.2024,0,0,0,0,0,0,0,0,0 
17.07.2024,0,0,0,0,0,0,0,0,0 
18.07.2024,0,0,14,0,0,0,0,1,0 
19.07.2024,0,0,0,0,0,0,0,0,0 
20.07.2024,0,9,11,0,0,0,0,1,0 
21.07.2024,5,3,4,6,0,0,0,0,0 
22.07.2024,0,0,1,6,0,0,0,0,0 
23.07.2024,0,0,0,0,0,0,0,0,0 
24.07.2024,0,0,0,0,0,0,0,0,0 
25.07.2024,2,0,1,6,0,0,0,1,1 
26.07.2024,0,0,0,0,0,0,0,0,0 
27.07.2024,0,0,1,12,0,0,0,1,0 
28.07.2024,0,0,0,0,0,0,0,0,0 
29.07.2024,0,0,0,0,0,0,0,0,0 
30.07.2024,0,0,0,0,0,0,0,0,0 
31.07.2024,0,0,0,0,0,0,0,0,0 
01.08.2024,0,0,0,5,0,0,0,0,0 
02.08.2024,0,0,0,0,0,0,0,0,0 
03.08.2024,0,0,0,0,0,0,0,0,0 
04.08.2024,0,0,0,0,0,0,0,1,0 
05.08.2024,0,0,0,0,0,0,0,0,0 
06.08.2024,0,0,0,0,0,0,0,0,0 
07.08.2024,0,0,0,0,0,0,0,0,0 
08.08.2024,0,3,0,0,0,0,0,0,8 
09.08.2024,1,0,0,0,0,0,0,0,0 
10.08.2024,0,0,0,0,0,0,0,0,0 
11.08.2024,0,0,0,0,0,0,0,0,0 
12.08.2024,0,0,0,0,0,0,0,0,0 
13.08.2024,0,0,0,0,0,0,0,0,0 
14.08.2024,0,0,0,0,0,0,0,0,0 
15.08.2024,0,0,0,0,0,0,0,0,0 
16.08.2024,0,0,0,0,0,0,0,0,0 
17.08.2024,0,0,0,0,0,0,0,0,0 
18.08.2024,0,0,0,0,0,0,0,0,0 
19.08.2024,0,0,0,0,0,0,0,0,0 
20.08.2024,0,0,0,0,0,0,0,0,0 
21.08.2024,0,0,0,0,0,0,0,0,0 
22.08.2024,0,0,0,0,0,0,0,0,0 
23.08.2024,0,0,0,0,0,0,0,0,0 
24.08.2024,0,0,0,0,0,0,0,0,0 
25.08.2024,0,0,0,0,0,0,0,0,0 
26.08.2024,0,0,0,0,0,0,0,0,0 
27.08.2024,0,0,0,0,0,0,0,0,0 
28.08.2024,0,0,0,0,0,0,0,0,0 
29.08.2024,0,0,0,1,0,0,0,0,0 
30.08.2024,0,0,0,0,0,0,0,2,0 
31.08.2024,0,0,0,0,0,0,0,0,0 
01.09.2024,0,0,0,0,0,0,0,0,0 
02.09.2024,0,0,0,0,0,0,0,0,0 
03.09.2024,0,0,0,0,0,0,0,0,0 
04.09.2024,0,0,0,0,0,0,0,0,0 
05.09.2024,0,0,0,0,0,0,0,0,0 
06.09.2024,0,0,0,0,0,0,0,0,0 
07.09.2024,0,0,0,1,0,0,0,0,4 
08.09.2024,0,0,0,0,0,0,0,0,0 
09.09.2024,0,0,0,0,0,0,0,0,0 
10.09.2024,0,0,0,0,0,0,0,0,0 
11.09.2024,0,0,0,0,0,0,0,0,0 
12.09.2024,0,0,0,0,0,0,0,0,0 
13.09.2024,0,1,0,0,0,0,0,0,0 
14.09.2024,0,0,0,0,0,0,0,0,0 
15.09.2024,0,0,0,0,0,0,0,0,0 
16.09.2024,0,0,0,0,0,0,0,0,0 
17.09.2024,0,0,0,0,0,0,0,0,0 
18.09.2024,0,0,0,0,0,0,0,0,0 
19.09.2024,0,0,0,0,0,0,0,0,0 
20.09.2024,0,0,0,0,0,0,0,0,0 
21.09.2024,1,1,7,0,0,0,0,0,0 
22.09.2024,0,0,0,0,0,0,0,0,0 
23.09.2024,0,0,2,2,0,0,0,0,1 
24.09.2024,0,0,0,0,0,0,0,0,0 
25.09.2024,0,0,0,0,0,0,0,0,0 
26.09.2024,0,0,0,0,0,0,0,5,0 
27.09.2024,0,0,0,0,0,0,0,0,0 
28.09.2024,0,2,0,0,0,0,0,1,0 
29.09.2024,1,1,0,0,0,0,0,0,0 
30.09.2024,0,3,2,0,0,0,0,0,0 
01.10.2024,0,0,0,0,0,0,0,0,0 
02.10.2024,0,0,0,0,0,0,0,0,0 
03.10.2024,0,0,0,0,0,0,0,0,0 
04.10.2024,0,0,0,0,0,0,0,0,0 
05.10.2024,0,5,0,0,0,0,0,0,0 
06.10.2024,0,2,2,0,0,0,0,0,0 
07.10.2024,0,2,1,0,0,0,0,0,0 
08.10.2024,0,0,0,0,0,0,0,0,0 
09.10.2024,0,0,0,0,0,0,0,0,0 
10.10.2024,0,0,0,0,0,0,0,0,0 
11.10.2024,0,3,4,0,0,0,0,0,0 
12.10.2024,0,2,2,1,0,0,0,3,0 
13.10.2024,0,0,0,0,0,0,0,0,0 
14.10.2024,0,0,0,0,0,0,0,0,0 
15.10.2024,0,0,0,0,0,0,0,0,0 
16.10.2024,0,0,0,0,0,0,0,0,0 
17.10.2024,0,6,0,0,0,0,0,0,0 
18.10.2024,0,2,0,0,0,0,0,0,0 
19.10.2024,1,1,0,0,0,0,0,0,0 
20.10.2024,1,0,0,0,0,0,0,0,0 
21.10.2024,0,3,0,3,0,0,0,3,0 
22.10.2024,0,0,0,0,0,0,0,0,0 
23.10.2024,0,0,0,0,0,0,0,0,2 
24.10.2024,0,1,0,1,0,0,0,4,1 
25.10.2024,1,10,9,0,0,0,0,2,0 
26.10.2024,1,9,9,1,0,0,0,5,0 
27.10.2024,0,2,2,0,0,0,0,0,0 
28.10.2024,0,1,0,0,0,0,0,0,0 
29.10.2024,0,0,0,0,0,0,0,0,0 
30.10.2024,0,0,0,0,0,0,0,0,0 
31.10.2024,0,0,0,0,0,0,0,0,0 
01.11.2024,0,0,0,0,0,0,0,0,0 
02.11.2024,0,2,8,0,0,0,0,0,0 
03.11.2024,0,0,0,0,0,0,0,0,2 
04.11.2024,0,0,0,0,0,0,0,0,0 
05.11.2024,0,0,0,0,0,0,0,0,0 
06.11.2024,0,0,0,0,0,0,0,0,0 
07.11.2024,2,4,5,0,0,0,0,0,0 
08.11.2024,0,7,11,0,0,0,0,5,0 
09.11.2024,0,1,2,0,0,0,0,0,0 
10.11.2024,0,2,2,0,0,0,0,0,0 
11.11.2024,0,0,0,0,0,0,0,0,0 
12.11.2024,0,0,0,0,0,0,0,0,0 
13.11.2024,0,0,0,0,0,0,0,0,0 
14.11.2024,0,0,3,5,0,0,0,0,1 
15.11.2024,0,0,0,1,0,0,0,0,0 
16.11.2024,0,0,0,0,0,0,0,5,0 
17.11.2024,0,0,0,0,0,0,0,0,0 
18.11.2024,0,0,0,0,0,0,0,0,0 
19.11.2024,0,0,0,0,0,0,0,0,0 
20.11.2024,0,0,0,0,0,0,0,0,0 
21.11.2024,1,1,0,4,0,0,0,0,2 
22.11.2024,0,0,0,0,0,0,0,0,0 
23.11.2024,0,0,0,0,0,0,0,0,0 
24.11.2024,0,0,1,4,0,0,0,4,0 
25.11.2024,0,0,0,0,0,0,0,0,0 
26.11.2024,0,0,0,0,0,0,0,0,0 
27.11.2024,0,0,0,0,0,0,0,0,0 
28.11.2024,0,0,0,0,0,0,0,0,0 
29.11.2024,0,0,1,0,0,0,0,0,0 
30.11.2024,0,0,0,0,0,0,0,0,0 
01.12.2024,0,0,0,0,0,0,0,0,0 
02.12.2024,0,0,0,1,0,0,0,0,0 
03.12.2024,0,0,0,0,0,0,0,0,0 
04.12.2024,0,0,0,0,0,0,0,0,0 
05.12.2024,0,0,0,0,0,0,0,0,0 
06.12.2024,0,0,0,6,0,0,0,1,0 
07.12.2024,0,0,0,3,0,0,0,1,0 
08.12.2024,0,0,0,0,0,0,0,0,0 
09.12.2024,0,0,0,1,0,0,0,0,0 
10.12.2024,0,0,0,0,0,0,0,0,0 
11.12.2024,0,0,0,0,0,0,0,0,0 
12.12.2024,0,0,0,0,0,0,0,0,0 
13.12.2024,0,0,0,0,0,0,0,0,0 
14.12.2024,0,0,0,3,0,0,0,0,0 
15.12.2024,0,1,0,0,0,0,0,0,0 
16.12.2024,0,0,0,0,0,0,0,0,0 
17.12.2024,0,0,0,0,0,0,0,0,0 
18.12.2024,0,0,0,0,0,0,0,0,0 
19.12.2024,0,0,0,0,0,0,0,0,0 
20.12.2024,0,0,0,0,0,0,0,0,0 
21.12.2024,0,0,0,0,0,0,0,0,0 
22.12.2024,0,0,0,0,0,0,0,0,0 
23.12.2024,0,0,0,0,0,0,0,0,0 
24.12.2024,0,0,0,0,0,0,0,0,0 
25.12.2024,0,0,0,0,0,0,0,0,0 
26.12.2024,0,0,0,0,0,0,0,0,0 
27.12.2024,0,0,0,0,0,0,0,0,0 
28.12.2024,0,0,0,0,0,0,0,0,0 
29.12.2024,0,0,0,0,0,0,0,0,0 
30.12.2024,0,0,0,0,0,0,0,0,0 
31.12.2024,0,0,0,0,0,0,0,0,0 
01.01.2025,0,0,0,0,0,0,0,0,0 
02.01.2025,0,0,0,0,0,0,0,0,0 
03.01.2025,0,0,0,0,0,0,0,0,0 
04.01.2025,0,0,0,0,0,0,0,0,0 
05.01.2025,0,0,0,0,0,0,0,0,0 
06.01.2025,0,0,0,0,0,0,0,0,0 
07.01.2025,0,0,0,0,0,0,0,0,0 
08.01.2025,0,0,0,0,0,0,0,0,0 
09.01.2025,0,0,0,0,0,0,0,0,0 
10.01.2025,0,0,0,2,0,0,0,0,0 
11.01.2025,0,0,0,1,0,0,0,1,0 
12.01.2025,0,0,0,0,0,0,0,0,0 
13.01.2025,0,3,0,0,0,0,0,0,0 
14.01.2025,0,0,0,0,0,0,0,0,0 
15.01.2025,0,0,0,0,0,0,0,0,0 
16.01.2025,0,9,8,15,0,0,0,0,7 
17.01.2025,0,1,2,2,0,0,0,0,1 
18.01.2025,0,2,0,3,0,0,0,0,0 
19.01.2025,0,0,0,0,0,0,0,0,0 
20.01.2025,0,0,0,0,0,0,0,0,0 
21.01.2025,0,0,0,0,0,0,0,0,0 
22.01.2025,0,0,0,0,0,0,0,0,0 
23.01.2025,0,0,0,0,0,0,0,0,0 
24.01.2025,0,9,28,32,0,0,0,0,54 
25.01.2025,0,0,0,0,0,0,0,0,0 
26.01.2025,0,0,0,1,0,0,0,0,4 
27.01.2025,0,0,0,0,0,0,0,0,0 
28.01.2025,0,0,0,0,0,0,0,0,0 
29.01.2025,0,0,0,0,0,0,0,0,0 
30.01.2025,0,3,0,2,0,0,0,0,3 
31.01.2025,0,0,1,1,0,0,0,0,0 
01.02.2025,0,0,0,0,0,0,0,0,0 
02.02.2025,0,0,0,0,0,0,0,0,0 
03.02.2025,0,1,1,11,0,0,0,0,0 
04.02.2025,0,0,0,0,0,0,0,0,0 
05.02.2025,0,0,0,0,0,0,0,0,0 
06.02.2025,0,0,0,1,0,0,0,0,2 
07.02.2025,2,0,2,0,0,0,0,0,0 
08.02.2025,1,1,0,0,0,0,0,0,0 
09.02.2025,1,0,0,0,0,0,0,0,0 
10.02.2025,0,0,0,1,0,0,0,0,0 
11.02.2025,0,0,0,0,0,0,0,0,0 
12.02.2025,0,0,0,0,0,0,0,0,0 
13.02.2025,1,1,0,1,0,1,0,2,0 
14.02.2025,0,0,0,0,0,1,1,1,2 
15.02.2025,0,0,0,0,0,0,0,0,1 
16.02.2025,2,0,1,1,0,0,0,0,0 
17.02.2025,0,0,0,0,0,0,0,0,0 
18.02.2025,0,0,0,0,0,0,0,0,0 
19.02.2025,0,0,0,0,0,0,0,0,0 
20.02.2025,0,0,0,0,0,0,0,0,0 
21.02.2025,0,0,0,1,0,0,0,0,0 
22.02.2025,0,0,0,0,0,0,0,0,0 
23.02.2025,0,0,0,0,0,0,0,0,0 
24.02.2025,0,0,0,0,0,0,0,0,0 
25.02.2025,0,0,0,0,0,0,0,0,0 
26.02.2025,0,0,0,0,0,0,0,0,0 
27.02.2025,0,0,0,0,0,0,0,0,0 
28.02.2025,0,0,0,0,0,0,0,0,0 
01.03.2025,0,1,0,0,0,0,0,0,0 
02.03.2025,0,0,0,0,0,0,0,0,0 
03.03.2025,1,0,0,4,0,0,0,0,0 
04.03.2025,0,0,0,0,0,0,0,0,0 
05.03.2025,0,0,0,0,0,0,0,0,0 
06.03.2025,0,0,0,0,0,0,0,0,0 
07.03.2025,0,0,0,0,0,0,0,0,0 
08.03.2025,1,19,0,0,0,0,0,0,1 
09.03.2025,3,30,0,0,0,0,0,0,7 
10.03.2025,2,10,0,0,0,0,0,0,0 
11.03.2025,0,0,0,0,0,0,0,0,0 
12.03.2025,0,0,0,0,0,0,0,0,0 
13.03.2025,1,3,1,3,0,0,1,1,8 
14.03.2025,0,1,1,0,0,0,0,1,0 
15.03.2025,0,1,2,0,0,0,0,0,0 
16.03.2025,0,0,0,0,0,0,0,0,0 
17.03.2025,0,0,0,0,0,0,0,1,0 
18.03.2025,0,0,0,0,0,0,0,0,0 
19.03.2025,0,0,0,0,0,0,0,0,0 
20.03.2025,0,0,0,0,0,0,0,0,0 
21.03.2025,0,0,0,0,0,0,0,0,0 
22.03.2025,1,3,0,0,0,0,0,0,2 
23.03.2025,0,0,0,0,0,0,0,0,4 
24.03.2025,0,0,0,0,0,0,0,0,0 
25.03.2025,0,0,0,0,0,0,0,0,0 
26.03.2025,0,0,0,0,0,0,0,0,0 
27.03.2025,1,1,9,0,0,0,0,7,6 
28.03.2025,0,0,6,1,0,0,0,7,9 
29.03.2025,1,0,8,0,0,0,0,0,0 
30.03.2025,1,2,1,2,0,0,0,0,0 
31.03.2025,1,0,9,8,0,2,0,0,0 
01.04.2025,0,0,0,0,0,0,0,0,0 
02.04.2025,0,0,0,0,0,0,0,0,0 
03.04.2025,0,2,0,1,0,0,0,0,0 
04.04.2025,0,0,0,0,0,0,0,0,0 
05.04.2025,0,0,0,3,0,0,0,1,0 
06.04.2025,0,0,0,0,0,0,0,0,0 
07.04.2025,0,0,0,0,0,0,0,0,0 
08.04.2025,0,0,0,0,0,0,0,0,0 
09.04.2025,0,0,0,0,0,0,0,0,0 
10.04.2025,0,0,0,0,0,0,0,0,0 
11.04.2025,0,0,1,3,0,0,0,0,0 
12.04.2025,0,0,0,0,0,0,0,0,0 
13.04.2025,0,0,0,0,0,0,0,0,0 
14.04.2025,0,0,0,0,0,0,0,0,0 
15.04.2025,0,0,0,0,0,0,0,0,0 
16.04.2025,0,0,0,0,0,0,0,0,0 
17.04.2025,0,0,0,0,0,0,0,0,0 
18.04.2025,0,0,0,0,0,0,0,0,0 
19.04.2025,0,0,0,0,0,0,0,0,0 
20.04.2025,0,0,0,0,0,0,0,0,0 
21.04.2025,0,0,0,0,0,0,0,0,0 
22.04.2025,0,0,0,0,0,0,0,0,0 
23.04.2025,0,0,0,0,0,0,0,0,0 
24.04.2025,0,1,1,0,0,0,0,0,0 
25.04.2025,0,2,0,0,0,0,0,0,1 
26.04.2025,0,0,0,0,0,0,0,0,0 
27.04.2025,0,0,0,0,0,0,0,0,0 
28.04.2025,0,0,0,2,0,0,0,0,0 
29.04.2025,0,0,0,0,0,0,0,0,0 
30.04.2025,0,0,0,0,0,0,0,0,0 
01.05.2025,0,0,0,0,0,0,0,0,0 
02.05.2025,0,0,0,6,0,0,0,0,1 
03.05.2025,0,0,4,2,0,0,0,1,0 
04.05.2025,0,1,0,0,0,0,0,0,0 
05.05.2025,0,3,0,0,0,0,0,0,0 
06.05.2025,0,0,0,0,0,0,0,0,0 
07.05.2025,0,0,0,0,0,0,0,0,0 
08.05.2025,0,0,0,0,0,0,0,0,0 
09.05.2025,0,0,0,0,0,0,0,0,0 
10.05.2025,0,0,0,0,0,0,0,0,0 
11.05.2025,0,0,0,0,0,0,0,0,0 
12.05.2025,0,0,1,0,0,0,0,0,0 
13.05.2025,0,0,0,0,0,0,0,0,0 
14.05.2025,0,0,0,0,0,0,0,0,0 
15.05.2025,0,0,0,0,0,0,0,1,0 
16.05.2025,0,2,1,0,0,1,0,1,1 
17.05.2025,0,1,0,0,0,0,0,0,0 
18.05.2025,0,0,0,0,0,0,0,0,0 
19.05.2025,0,0,0,0,0,0,0,0,0 
20.05.2025,0,0,0,0,0,0,0,0,0 
21.05.2025,0,0,0,0,0,0,0,0,0 
22.05.2025,1,0,1,4,0,0,0,4,0 
23.05.2025,0,0,0,0,0,0,0,0,0 
24.05.2025,0,0,0,0,0,0,0,0,0 
25.05.2025,0,0,1,0,0,0,0,0,0 
26.05.2025,0,0,2,4,0,0,0,1,5 
27.05.2025,0,0,0,0,0,0,0,0,0 
28.05.2025,0,0,0,0,0,0,0,0,0 
29.05.2025,0,0,0,0,0,0,0,0,0 
30.05.2025,0,0,0,0,0,0,0,0,1 
31.05.2025,0,0,0,0,0,0,0,0,0 
01.06.2025,0,2,1,0,0,0,0,0,0 
02.06.2025,0,0,0,0,0,0,0,0,0 
03.06.2025,0,0,0,0,0,0,0,0,0 
04.06.2025,0,0,0,0,0,0,0,0,0 
05.06.2025,0,2,0,2,0,0,0,1,2 
06.06.2025,0,2,0,0,0,0,0,0,2 
07.06.2025,3,7,5,4,0,0,0,2,6 
08.06.2025,0,0,0,0,0,0,0,0,0 
09.06.2025,0,0,0,0,0,0,0,0,0 
10.06.2025,0,0,0,0,0,0,0,0,0 
11.06.2025,0,0,0,0,0,0,0,0,0 
12.06.2025,0,6,0,0,0,0,0,0,0 
13.06.2025,0,5,7,0,0,0,0,1,1 
14.06.2025,0,5,1,0,0,0,0,4,1 
15.06.2025,1,7,9,0,0,0,0,3,6 
16.06.2025,0,0,4,0,0,0,0,1,4 
17.06.2025,0,0,0,0,0,0,0,0,0 
18.06.2025,0,0,0,0,0,0,0,0,0 
19.06.2025,0,3,1,1,0,0,0,3,7 
20.06.2025,0,0,9,0,0,0,0,0,1 
21.06.2025,2,0,2,0,0,0,0,0,1 
22.06.2025,1,3,0,0,0,0,0,0,2 
23.06.2025,0,0,0,0,0,0,0,0,0 
24.06.2025,0,0,0,0,0,0,0,0,0 
25.06.2025,0,0,0,0,0,0,0,0,0 
26.06.2025,0,0,0,2,0,0,0,0,0 
27.06.2025,0,1,1,6,0,0,0,0,1 
28.06.2025,0,1,7,4,0,0,0,0,0 
29.06.2025,0,0,0,0,0,0,0,0,0 
30.06.2025,0,2,1,0,0,0,0,0,0 
01.07.2025,0,0,0,0,0,0,0,0,0 
02.07.2025,0,0,0,0,0,0,0,0,0 
03.07.2025,0,0,0,4,0,0,0,1,0 
04.07.2025,0,0,1,3,0,0,0,0,0 
05.07.2025,0,0,0,4,0,0,0,0,0 
06.07.2025,0,0,0,0,0,0,0,0,0 
07.07.2025,0,0,0,0,0,0,0,0,0 
08.07.2025,0,0,0,0,0,0,0,0,0 
09.07.2025,0,0,0,0,0,0,0,0,0 
10.07.2025,0,0,0,4,0,0,0,0,0 
11.07.2025,0,0,0,0,0,0,0,1,1 
12.07.2025,0,0,0,0,0,0,0,0,0 
13.07.2025,0,0,0,0,0,0,0,1,0 
14.07.2025,0,0,0,0,0,0,0,0,0 
15.07.2025,0,0,0,0,0,0,0,0,0 
16.07.2025,0,0,0,0,0,0,0,0,0 
17.07.2025,0,0,0,3,0,0,0,0,0 
18.07.2025,0,0,1,0,0,0,0,0,0 
19.07.2025,0,0,0,0,0,0,0,0,1 
20.07.2025,0,0,0,0,0,0,0,0,0 
21.07.2025,0,0,0,4,0,0,0,0,0 
22.07.2025,0,0,0,0,0,0,0,0,0 
23.07.2025,0,0,0,0,0,0,0,0,0 
24.07.2025,0,0,0,0,0,0,0,0,0 
25.07.2025,0,0,0,0,0,0,0,0,0 
26.07.2025,1,2,1,0,0,0,0,0,0 
27.07.2025,0,1,0,0,0,0,0,0,0 
28.07.2025,0,0,0,0,0,0,0,0,0 
29.07.2025,0,0,0,0,0,0,0,0,0 
30.07.2025,0,0,0,0,0,0,0,0,0 
31.07.2025,0,0,0,0,0,0,0,0,0 
01.08.2025,0,0,0,3,0,0,0,0,1 
02.08.2025,0,0,0,0,0,0,0,0,1 
03.08.2025,0,0,0,3,0,0,0,0,0 
04.08.2025,0,0,0,0,0,0,0,0,0 
05.08.2025,0,0,0,0,0,0,0,0,0 
06.08.2025,0,0,0,0,0,0,0,0,0 
07.08.2025,0,0,1,0,0,0,0,0,0 
08.08.2025,0,0,0,0,0,0,0,0,0 
09.08.2025,0,0,1,0,0,0,0,0,0 
10.08.2025,0,0,0,0,0,0,0,0,0 
11.08.2025,0,0,0,0,0,0,0,0,0 
12.08.2025,0,0,0,0,0,0,0,0,0 
13.08.2025,0,0,0,0,0,0,0,0,0 
14.08.2025,0,0,0,0,0,0,0,0,0 
15.08.2025,0,0,2,0,0,0,0,1,2 
16.08.2025,0,2,2,3,0,0,0,5,0 
17.08.2025,1,5,0,0,0,0,0,1,1 
18.08.2025,0,1,0,2,0,0,0,0,0 
19.08.2025,0,0,0,0,0,0,0,0,0 
20.08.2025,0,0,0,0,0,0,0,0,0 
21.08.2025,0,0,0,2,0,0,0,1,3 
22.08.2025,0,0,0,0,0,0,0,0,0 
23.08.2025,0,0,0,0,0,0,0,4,6 
24.08.2025,0,3,1,2,0,0,0,0,1 
25.08.2025,0,0,0,0,0,0,0,0,0 
26.08.2025,0,0,0,0,0,0,0,0,0 
27.08.2025,0,0,0,0,0,0,0,0,0 
28.08.2025,0,2,0,2,0,0,0,0,1 
29.08.2025,0,3,0,0,0,0,0,0,0 
30.08.2025,1,1,1,0,0,0,0,0,0 
31.08.2025,1,1,0,1,0,0,0,1,2 
01.09.2025,0,5,6,1,0,0,0,5,3 
02.09.2025,0,0,0,0,0,0,0,0,0 
03.09.2025,0,0,0,0,0,0,0,0,0 
04.09.2025,0,0,0,0,0,0,0,2,2 
05.09.2025,1,0,0,0,0,0,0,0,1 
06.09.2025,0,0,0,0,0,0,0,0,0 
07.09.2025,0,6,0,0,0,0,0,1,0 
08.09.2025,0,1,2,4,0,0,0,0,4 
09.09.2025,0,0,0,0,0,0,0,0,0 
10.09.2025,0,0,0,0,0,0,0,0,0 
11.09.2025,1,2,2,1,0,0,0,1,6 
12.09.2025,2,1,10,2,0,0,0,6,14 
13.09.2025,0,2,4,0,0,0,0,2,4 
14.09.2025,0,0,0,0,0,0,0,0,2 
15.09.2025,0,0,0,0,0,0,0,0,0 
16.09.2025,0,0,0,0,0,0,0,0,0 
17.09.2025,0,0,0,0,0,0,0,0,0 
18.09.2025,0,0,0,0,0,0,0,0,0 
19.09.2025,0,0,0,0,0,0,0,0,0 
20.09.2025,0,0,0,0,0,0,0,0,0 
21.09.2025,0,0,0,0,0,0,0,0,0 
22.09.2025,0,0,0,0,0,0,0,0,0 
23.09.2025,0,0,0,0,0,0,0,0,0 
24.09.2025,0,0,0,0,0,0,0,0,0 
25.09.2025,4,0,0,1,0,1,0,0,0 
26.09.2025,0,0,0,0,0,0,0,0,0 
27.09.2025,0,0,0,0,0,0,0,0,0 
28.09.2025,0,0,0,0,0,0,0,0,0 
29.09.2025,0,0,0,0,0,0,0,2,0 
30.09.2025,0,0,0,0,0,0,0,0,0 
01.10.2025,0,0,0,0,0,0,0,0,0 
02.10.2025,0,0,0,0,0,0,0,0,0 
03.10.2025,0,0,0,0,0,0,0,0,0 
04.10.2025,0,0,0,0,0,0,0,0,0 
05.10.2025,0,0,0,0,0,0,0,0,0 
06.10.2025,0,0,0,3,0,0,0,0,0 
07.10.2025,0,0,0,0,0,0,0,0,0 
08.10.2025,0,0,0,0,0,0,0,0,0 
09.10.2025,0,0,0,0,0,0,0,0,0 
10.10.2025,0,1,0,2,0,0,0,1,1 
11.10.2025,0,0,0,0,0,0,0,0,0 
12.10.2025,0,0,0,0,0,0,0,0,0 
13.10.2025,6,2,2,8,0,0,0,0,1 
14.10.2025,0,0,0,0,0,0,0,0,0 
15.10.2025,0,0,0,0,0,0,0,0,0 
16.10.2025,0,0,0,0,0,0,0,0,0 
17.10.2025,0,0,0,6,0,0,0,0,0 
18.10.2025,0,0,0,1,0,0,0,0,1 
19.10.2025,0,2,1,1,0,0,0,1,3 
20.10.2025,0,0,0,0,0,0,0,0,0 
21.10.2025,0,0,0,0,0,0,0,0,0 
22.10.2025,0,0,0,0,0,0,0,0,0 
23.10.2025,0,0,0,1,0,0,0,0,0 
24.10.2025,0,0,0,0,0,0,0,0,4 
25.10.2025,0,0,0,0,0,0,0,0,0 
26.10.2025,2,1,0,1,0,0,1,0,1 
27.10.2025,0,0,0,0,0,0,0,0,0 
28.10.2025,0,0,0,0,0,0,0,0,0 
29.10.2025,0,0,0,0,0,0,0,0,0 
30.10.2025,0,0,0,0,0,0,0,1,0 
31.10.2025,4,7,0,1,0,0,0,1,4 
01.11.2025,0,0,0,0,0,0,0,0,0 
02.11.2025,0,0,1,1,0,0,0,2,0 
03.11.2025,0,0,0,0,0,0,0,0,0 
04.11.2025,0,0,0,0,0,0,0,0,0 
05.11.2025,0,0,0,0,0,0,0,0,0 
06.11.2025,0,0,0,0,0,0,0,0,1 
07.11.2025,1,1,1,2,0,0,0,2,3 
08.11.2025,2,11,0,2,0,0,0,0,2 
09.11.2025,0,0,0,0,0,0,0,0,0 
10.11.2025,0,0,0,0,0,0,0,0,0 
11.11.2025,0,0,0,0,0,0,0,0,0 
12.11.2025,0,0,0,0,0,0,0,0,0 
13.11.2025,0,0,0,1,0,0,0,1,46 
14.11.2025,2,0,0,3,0,0,0,0,7 
15.11.2025,1,5,6,13,0,0,0,0,4 
16.11.2025,1,4,0,1,0,0,0,0,0 
17.11.2025,2,4,0,0,0,0,1,0,0 
18.11.2025,0,0,0,0,0,0,0,0,0 
19.11.2025,0,0,0,0,0,0,0,0,0 
20.11.2025,1,1,0,0,0,0,0,0,1 
21.11.2025,1,1,0,1,0,0,0,1,2 
22.11.2025,2,0,0,0,0,0,0,2,0 
23.11.2025,1,1,0,0,0,0,0,1,2 
24.11.2025,1,6,0,1,0,0,0,0,1 
25.11.2025,0,0,0,0,0,0,0,0,0 
26.11.2025,0,0,0,0,0,0,0,0,0 
27.11.2025,5,1,1,0,0,0,0,0,1 
28.11.2025,0,3,0,0,0,0,0,0,2 
29.11.2025,4,1,1,0,0,0,0,0,3 
30.11.2025,3,11,3,0,0,0,0,5,9 
01.12.2025,0,0,0,0,0,0,0,0,0 
02.12.2025,0,0,0,0,0,0,0,0,0 
03.12.2025,0,0,0,0,0,0,0,0,0 
04.12.2025,0,0,0,0,0,0,0,0,0 
05.12.2025,0,0,0,0,0,0,0,0,0 
06.12.2025,0,0,0,0,0,0,0,0,0 
07.12.2025,0,0,0,0,0,0,0,0,0 
08.12.2025,0,0,0,0,0,0,0,0,0 
09.12.2025,0,0,0,0,0,0,0,0,0 
10.12.2025,0,0,0,0,0,0,0,0,0 
11.12.2025,0,0,0,0,0,0,0,0,0 
12.12.2025,0,0,0,0,0,0,0,0,0 
13.12.2025,0,0,0,0,0,0,0,0,0 
14.12.2025,0,0,0,0,0,0,0,0,0 
15.12.2025,0,0,0,0,0,0,0,0,0 
16.12.2025,0,0,0,0,0,0,0,0,0 
17.12.2025,0,0,0,0,0,0,0,0,0 
18.12.2025,0,0,0,0,0,0,0,0,0 
19.12.2025,0,0,0,0,0,0,0,0,0 
20.12.2025,0,0,0,0,0,0,0,0,0 
21.12.2025,0,0,0,0,0,0,0,0,0 
22.12.2025,0,0,0,0,0,0,0,0,0 
23.12.2025,0,0,0,0,0,0,0,0,0 
24.12.2025,0,0,0,0,0,0,0,0,0 
25.12.2025,0,0,0,0,0,0,0,0,0 
26.12.2025,0,0,0,0,0,0,0,0,0 
27.12.2025,0,0,0,0,0,0,0,0,0 
28.12.2025,0,0,0,0,0,0,0,0,0 
29.12.2025,0,0,0,0,0,0,0,0,0 
30.12.2025,0,0,0,0,0,0,0,0,0 
31.12.2025,0,0,0,0,0,0,0,0,0 
01.01.2026,0,0,0,0,0,0,0,0,0 
02.01.2026,0,0,0,0,0,0,0,0,0 
03.01.2026,0,0,0,0,0,0,0,0,0 
04.01.2026,0,0,0,0,0,0,0,0,0 
05.01.2026,0,0,0,0,0,0,0,0,0 
06.01.2026,0,0,0,0,0,0,0,0,0 
07.01.2026,0,0,0,0,0,0,0,0,0 
08.01.2026,0,0,0,0,0,0,0,0,0 
09.01.2026,0,0,0,0,0,0,0,0,0 
10.01.2026,0,0,0,0,0,0,0,0,0 
11.01.2026,0,0,0,0,0,0,0,0,0 
12.01.2026,0,0,0,0,0,0,0,0,0 
13.01.2026,0,0,0,0,0,0,0,0,0 
14.01.2026,0,0,0,0,0,0,0,0,0 
15.01.2026,0,0,0,0,0,0,0,0,0 
16.01.2026,0,0,0,0,0,0,0,0,0 
17.01.2026,0,0,0,0,0,0,0,0,0 
18.01.2026,0,0,0,0,0,0,0,0,0 
19.01.2026,0,0,0,0,0,0,0,0,0 
20.01.2026,0,0,0,0,0,0,0,0,0 
21.01.2026,0,0,0,0,0,0,0,0,0 
22.01.2026,0,0,0,0,0,0,0,0,0 
23.01.2026,0,0,0,0,0,0,0,0,0 
24.01.2026,0,0,0,0,0,0,0,0,0 
25.01.2026,0,0,0,0,0,0,0,0,0 
26.01.2026,0,0,0,0,0,0,0,0,0 
27.01.2026,0,0,0,0,0,0,0,0,0 
28.01.2026,0,0,0,0,0,0,0,0,0 
29.01.2026,0,0,0,0,0,0,0,0,0 
30.01.2026,0,0,0,0,0,0,0,0,0 
31.01.2026,0,0,0,0,0,0,0,0,0 
01.02.2026,0,0,0,0,0,0,0,0,0 
02.02.2026,0,0,0,0,0,0,0,0,0 
03.02.2026,0,0,0,0,0,0,0,0,0 
04.02.2026,0,0,0,0,0,0,0,0,0 
05.02.2026,0,0,0,0,0,0,0,0,0 
06.02.2026,0,0,0,0,0,0,0,0,0 
07.02.2026,0,0,0,0,0,0,0,0,0 
08.02.2026,0,0,0,0,0,0,0,0,0 
09.02.2026,0,0,0,0,0,0,0,0,0 
10.02.2026,0,0,0,0,0,0,0,0,0 
11.02.2026,0,0,0,0,0,0,0,0,0 
12.02.2026,0,0,0,0,0,0,0,0,0 
13.02.2026,0,0,0,0,0,0,0,0,0 
14.02.2026,0,0,0,0,0,0,0,0,0 
15.02.2026,0,0,0,0,0,0,0,0,0 
16.02.2026,0,0,0,0,0,0,0,0,0 
17.02.2026,0,0,0,0,0,0,0,0,0 
18.02.2026,0,0,0,0,0,0,0,0,0 
19.02.2026,0,0,0,0,0,0,0,0,0 
20.02.2026,0,0,0,0,0,0,0,0,0 
21.02.2026,0,0,0,0,0,0,0,0,0 
22.02.2026,0,0,0,0,0,0,0,0,0 
23.02.2026,0,0,0,0,0,0,0,0,0 
24.02.2026,0,0,0,0,0,0,0,0,0 
25.02.2026,0,0,0,0,0,0,0,0,0 
26.02.2026,0,0,0,0,0,0,0,0,0 
27.02.2026,0,0,0,0,0,0,0,0,0 
28.02.2026,0,0,0,0,0,0,0,0,0 
01.03.2026,0,0,0,0,0,0,0,0,0 
02.03.2026,0,0,0,0,0,0,0,0,0 
03.03.2026,0,0,0,0,0,0,0,0,0 
04.03.2026,0,0,0,0,0,0,0,0,0 
05.03.2026,0,0,0,0,0,0,0,0,0 
06.03.2026,0,0,0,0,0,0,0,0,0 
07.03.2026,0,0,0,0,0,0,0,0,0 
08.03.2026,0,0,0,0,0,0,0,0,0 
09.03.2026,0,0,0,0,0,0,0,0,0 
10.03.2026,0,0,0,0,0,0,0,0,0 
11.03.2026,0,0,0,0,0,0,0,0,0 
12.03.2026,0,0,0,0,0,0,0,0,0 
13.03.2026,0,0,0,0,0,0,0,0,0 
14.03.2026,0,0,0,0,0,0,0,0,0 
15.03.2026,0,0,0,0,0,0,0,0,0 
16.03.2026,0,0,0,0,0,0,0,0,0 
17.03.2026,0,0,0,0,0,0,0,0,0 
18.03.2026,0,0,0,0,0,0,0,0,0 
19.03.2026,0,0,0,0,0,0,0,0,0 
20.03.2026,0,0,0,0,0,0,0,0,0 
21.03.2026,0,0,0,0,0,0,0,0,0 
22.03.2026,0,0,0,0,0,0,0,0,0 
23.03.2026,0,0,0,0,0,0,0,0,0 
24.03.2026,0,0,0,0,0,0,0,0,0 
25.03.2026,0,0,0,0,0,0,0,0,0 
26.03.2026,0,0,0,0,0,0,0,0,0 
27.03.2026,0,0,0,0,0,0,0,0,0 
28.03.2026,0,0,0,0,0,0,0,0,0 
29.03.2026,0,0,0,0,0,0,0,0,0 
30.03.2026,0,0,0,0,0,0,0,0,0 
31.03.2026,0,0,0,0,0,0,0,0,0 
01.04.2026,0,0,0,0,0,0,0,0,0 
02.04.2026,0,0,0,0,0,0,0,0,0 
03.04.2026,0,0,0,0,0,0,0,0,0 
04.04.2026,0,0,0,0,0,0,0,0,0 
05.04.2026,0,0,0,0,0,0,0,0,0 
06.04.2026,0,0,0,0,0,0,0,0,0 
07.04.2026,0,0,0,0,0,0,0,0,0 
08.04.2026,0,0,0,0,0,0,0,0,0 
